Fecha venta;Código sucursal;Código categoría;$ cobrados;;;;
2/01/2020;S-08;C-06; $50,424.86 ;;;;
2/01/2020;S-11;C-06; $48,098.63 ;;;;
2/01/2020;S-15;C-04; $55,845.89 ;;;;
3/01/2020;S-01;C-06; $23,805.69 ;;;;
3/01/2020;S-02;C-01; $33,709.38 ;;;;
3/01/2020;S-02;C-07; $38,385.18 ;;;;
3/01/2020;S-04;C-04; $10,097.53 ;;;;
3/01/2020;S-05;C-01; $39,375.23 ;;;;
3/01/2020;S-06;C-07; $42,100.98 ;;;;
3/01/2020;S-14;C-06; $17,730.38 ;;;;
4/01/2020;S-01;C-01; $16,379.75 ;;;;
4/01/2020;S-03;C-07; $16,526.54 ;;;;
5/01/2020;S-01;C-06; $44,215.88 ;;;;
5/01/2020;S-01;C-07; $45,544.28 ;;;;
5/01/2020;S-12;C-05; $12,042.79 ;;;;
5/01/2020;S-15;C-06; $20,731.99 ;;;;
6/01/2020;S-01;C-01; $41,337.13 ;;;;
6/01/2020;S-15;C-07; $29,974.68 ;;;;
7/01/2020;S-03;C-01; $24,452.73 ;;;;
7/01/2020;S-04;C-01; $42,515.42 ;;;;
7/01/2020;S-11;C-02; $26,105.85 ;;;;
7/01/2020;S-12;C-06; $16,950.91 ;;;;
7/01/2020;S-13;C-04; $41,630.53 ;;;;
7/01/2020;S-13;C-05; $58,781.15 ;;;;
8/01/2020;S-06;C-01; $27,848.56 ;;;;
8/01/2020;S-06;C-06; $35,142.68 ;;;;
8/01/2020;S-11;C-01; $30,352.96 ;;;;
9/01/2020;S-03;C-01; $12,476.39 ;;;;
9/01/2020;S-03;C-03; $53,417.23 ;;;;
9/01/2020;S-13;C-01; $36,983.83 ;;;;
9/01/2020;S-13;C-04; $47,717.85 ;;;;
10/01/2020;S-01;C-06; $53,846.93 ;;;;
10/01/2020;S-03;C-01; $43,070.49 ;;;;
10/01/2020;S-04;C-07; $15,188.62 ;;;;
10/01/2020;S-12;C-07; $36,638.89 ;;;;
11/01/2020;S-07;C-01; $46,966.48 ;;;;
12/01/2020;S-01;C-04; $57,921.53 ;;;;
12/01/2020;S-09;C-06; $54,781.51 ;;;;
13/01/2020;S-05;C-04; $23,591.79 ;;;;
13/01/2020;S-07;C-05; $41,347.54 ;;;;
13/01/2020;S-14;C-05; $15,948.95 ;;;;
14/01/2020;S-01;C-01; $24,792.77 ;;;;
14/01/2020;S-02;C-02; $35,880.19 ;;;;
14/01/2020;S-08;C-07; $29,263.87 ;;;;
14/01/2020;S-13;C-06; $30,803.27 ;;;;
14/01/2020;S-14;C-01; $17,282.54 ;;;;
14/01/2020;S-14;C-05; $58,124.61 ;;;;
14/01/2020;S-14;C-07; $27,015.55 ;;;;
15/01/2020;S-01;C-05; $12,967.66 ;;;;
15/01/2020;S-07;C-02; $30,916.37 ;;;;
15/01/2020;S-13;C-03; $43,891.54 ;;;;
16/01/2020;S-01;C-05; $31,399.34 ;;;;
16/01/2020;S-06;C-03; $16,803.68 ;;;;
16/01/2020;S-07;C-07; $51,139.82 ;;;;
16/01/2020;S-12;C-02; $40,941.45 ;;;;
16/01/2020;S-12;C-07; $17,793.24 ;;;;
17/01/2020;S-13;C-07; $26,081.61 ;;;;
18/01/2020;S-04;C-03; $27,508.14 ;;;;
18/01/2020;S-05;C-07; $10,471.88 ;;;;
19/01/2020;S-01;C-01; $32,738.68 ;;;;
19/01/2020;S-01;C-04; $35,763.50 ;;;;
19/01/2020;S-01;C-07; $24,657.52 ;;;;
19/01/2020;S-10;C-05; $56,381.43 ;;;;
19/01/2020;S-15;C-07; $48,078.39 ;;;;
20/01/2020;S-03;C-05; $59,616.79 ;;;;
20/01/2020;S-06;C-03; $44,187.13 ;;;;
20/01/2020;S-06;C-07; $29,000.59 ;;;;
20/01/2020;S-07;C-04; $17,395.88 ;;;;
20/01/2020;S-09;C-06; $12,757.37 ;;;;
20/01/2020;S-11;C-02; $23,386.41 ;;;;
20/01/2020;S-13;C-02; $37,996.42 ;;;;
20/01/2020;S-15;C-01; $13,689.63 ;;;;
21/01/2020;S-07;C-01; $43,310.06 ;;;;
21/01/2020;S-08;C-03; $25,464.49 ;;;;
21/01/2020;S-09;C-07; $58,857.46 ;;;;
22/01/2020;S-14;C-07; $25,426.64 ;;;;
23/01/2020;S-02;C-02; $39,145.79 ;;;;
23/01/2020;S-05;C-03; $56,600.02 ;;;;
24/01/2020;S-09;C-04; $28,585.19 ;;;;
24/01/2020;S-13;C-02; $22,583.70 ;;;;
25/01/2020;S-14;C-04; $23,066.68 ;;;;
26/01/2020;S-04;C-02; $42,850.45 ;;;;
26/01/2020;S-11;C-01; $17,027.94 ;;;;
26/01/2020;S-12;C-07; $59,773.84 ;;;;
27/01/2020;S-06;C-07; $31,603.42 ;;;;
27/01/2020;S-08;C-05; $50,210.23 ;;;;
27/01/2020;S-11;C-06; $36,220.99 ;;;;
27/01/2020;S-12;C-02; $44,769.66 ;;;;
27/01/2020;S-14;C-05; $36,879.67 ;;;;
27/01/2020;S-15;C-02; $51,431.72 ;;;;
28/01/2020;S-09;C-07; $25,107.62 ;;;;
28/01/2020;S-13;C-05; $51,064.14 ;;;;
28/01/2020;S-15;C-02; $40,647.32 ;;;;
29/01/2020;S-01;C-06; $57,762.24 ;;;;
29/01/2020;S-05;C-03; $16,094.01 ;;;;
29/01/2020;S-07;C-07; $33,080.30 ;;;;
29/01/2020;S-08;C-04; $25,009.94 ;;;;
29/01/2020;S-09;C-01; $38,337.63 ;;;;
30/01/2020;S-05;C-01; $48,433.85 ;;;;
30/01/2020;S-09;C-06; $48,921.86 ;;;;
31/01/2020;S-01;C-02; $25,003.85 ;;;;
31/01/2020;S-05;C-03; $59,390.30 ;;;;
31/01/2020;S-06;C-06; $57,491.49 ;;;;
31/01/2020;S-08;C-01; $34,799.12 ;;;;
31/01/2020;S-09;C-02; $35,454.78 ;;;;
31/01/2020;S-11;C-04; $55,720.67 ;;;;
31/01/2020;S-12;C-04; $40,676.26 ;;;;
31/01/2020;S-12;C-06; $36,618.66 ;;;;
31/01/2020;S-12;C-07; $45,997.91 ;;;;
31/01/2020;S-13;C-05; $52,793.94 ;;;;
31/01/2020;S-15;C-05; $41,725.33 ;;;;
1/02/2020;S-13;C-06; $38,366.82 ;;;;
1/02/2020;S-15;C-06; $45,343.78 ;;;;
2/02/2020;S-08;C-04; $25,272.62 ;;;;
2/02/2020;S-08;C-05; $19,084.02 ;;;;
3/02/2020;S-05;C-05; $23,023.85 ;;;;
3/02/2020;S-06;C-07; $58,297.90 ;;;;
3/02/2020;S-10;C-01; $29,344.38 ;;;;
3/02/2020;S-12;C-02; $40,727.63 ;;;;
3/02/2020;S-14;C-07; $22,319.22 ;;;;
4/02/2020;S-01;C-04; $57,390.23 ;;;;
4/02/2020;S-03;C-07; $11,738.40 ;;;;
4/02/2020;S-05;C-02; $17,468.61 ;;;;
4/02/2020;S-08;C-06; $53,975.65 ;;;;
4/02/2020;S-09;C-05; $56,524.17 ;;;;
4/02/2020;S-10;C-07; $13,992.68 ;;;;
5/02/2020;S-06;C-05; $40,992.02 ;;;;
6/02/2020;S-08;C-06; $46,318.03 ;;;;
6/02/2020;S-08;C-07; $46,970.45 ;;;;
6/02/2020;S-13;C-07; $44,758.68 ;;;;
7/02/2020;S-03;C-03; $31,558.06 ;;;;
7/02/2020;S-05;C-01; $26,367.92 ;;;;
7/02/2020;S-06;C-04; $55,075.43 ;;;;
7/02/2020;S-09;C-03; $19,186.72 ;;;;
7/02/2020;S-11;C-03; $25,881.62 ;;;;
7/02/2020;S-12;C-02; $54,487.64 ;;;;
7/02/2020;S-12;C-07; $17,693.84 ;;;;
8/02/2020;S-01;C-07; $24,707.64 ;;;;
8/02/2020;S-11;C-01; $32,503.19 ;;;;
9/02/2020;S-04;C-02; $53,212.63 ;;;;
9/02/2020;S-07;C-05; $49,845.45 ;;;;
9/02/2020;S-10;C-07; $35,448.19 ;;;;
9/02/2020;S-12;C-04; $15,589.46 ;;;;
10/02/2020;S-13;C-06; $41,012.68 ;;;;
11/02/2020;S-05;C-03; $55,959.38 ;;;;
12/02/2020;S-04;C-06; $23,609.18 ;;;;
12/02/2020;S-05;C-05; $56,024.08 ;;;;
13/02/2020;S-02;C-05; $45,437.07 ;;;;
13/02/2020;S-08;C-07; $43,086.88 ;;;;
13/02/2020;S-11;C-02; $31,526.32 ;;;;
13/02/2020;S-11;C-07; $45,909.25 ;;;;
14/02/2020;S-05;C-01; $11,681.49 ;;;;
14/02/2020;S-13;C-05; $23,347.55 ;;;;
14/02/2020;S-15;C-04; $30,447.40 ;;;;
15/02/2020;S-10;C-04; $39,465.72 ;;;;
16/02/2020;S-03;C-04; $28,730.50 ;;;;
16/02/2020;S-04;C-05; $31,801.85 ;;;;
16/02/2020;S-09;C-04; $48,801.61 ;;;;
16/02/2020;S-09;C-05; $17,998.70 ;;;;
16/02/2020;S-13;C-03; $28,656.55 ;;;;
17/02/2020;S-01;C-02; $57,555.65 ;;;;
17/02/2020;S-07;C-03; $55,552.80 ;;;;
17/02/2020;S-08;C-06; $19,189.04 ;;;;
17/02/2020;S-12;C-07; $20,011.02 ;;;;
18/02/2020;S-06;C-04; $48,916.15 ;;;;
18/02/2020;S-09;C-01; $25,434.36 ;;;;
19/02/2020;S-03;C-01; $53,865.19 ;;;;
19/02/2020;S-06;C-04; $13,101.08 ;;;;
19/02/2020;S-08;C-01; $19,026.52 ;;;;
19/02/2020;S-13;C-02; $29,420.25 ;;;;
20/02/2020;S-02;C-04; $49,370.05 ;;;;
20/02/2020;S-05;C-02; $38,512.05 ;;;;
20/02/2020;S-05;C-07; $49,252.85 ;;;;
20/02/2020;S-09;C-03; $45,505.02 ;;;;
20/02/2020;S-10;C-05; $44,554.90 ;;;;
21/02/2020;S-04;C-06; $48,137.48 ;;;;
22/02/2020;S-03;C-05; $54,084.28 ;;;;
22/02/2020;S-04;C-01; $23,220.62 ;;;;
22/02/2020;S-05;C-04; $23,967.75 ;;;;
22/02/2020;S-07;C-03; $19,739.91 ;;;;
22/02/2020;S-09;C-05; $24,072.96 ;;;;
22/02/2020;S-14;C-02; $33,485.48 ;;;;
23/02/2020;S-01;C-03; $28,442.93 ;;;;
23/02/2020;S-04;C-01; $44,065.23 ;;;;
23/02/2020;S-04;C-04; $38,281.51 ;;;;
23/02/2020;S-09;C-01; $16,051.37 ;;;;
23/02/2020;S-13;C-04; $47,428.48 ;;;;
23/02/2020;S-14;C-06; $38,602.37 ;;;;
23/02/2020;S-15;C-01; $13,391.07 ;;;;
24/02/2020;S-06;C-05; $42,019.81 ;;;;
24/02/2020;S-10;C-05; $23,061.87 ;;;;
25/02/2020;S-02;C-02; $30,859.17 ;;;;
25/02/2020;S-03;C-03; $54,461.98 ;;;;
25/02/2020;S-09;C-04; $36,941.80 ;;;;
25/02/2020;S-12;C-03; $36,055.41 ;;;;
26/02/2020;S-02;C-01; $58,109.57 ;;;;
26/02/2020;S-04;C-03; $38,987.75 ;;;;
26/02/2020;S-11;C-04; $23,928.64 ;;;;
26/02/2020;S-12;C-02; $33,271.05 ;;;;
26/02/2020;S-14;C-02; $17,775.49 ;;;;
27/02/2020;S-01;C-04; $12,244.65 ;;;;
27/02/2020;S-09;C-03; $37,714.45 ;;;;
27/02/2020;S-11;C-04; $15,861.04 ;;;;
28/02/2020;S-05;C-02; $18,955.28 ;;;;
28/02/2020;S-15;C-03; $56,791.31 ;;;;
29/02/2020;S-04;C-03; $35,971.63 ;;;;
29/02/2020;S-10;C-01; $21,905.95 ;;;;
1/03/2020;S-04;C-06; $41,108.47 ;;;;
1/03/2020;S-04;C-07; $17,026.82 ;;;;
1/03/2020;S-08;C-06; $13,680.67 ;;;;
1/03/2020;S-11;C-05; $42,426.93 ;;;;
2/03/2020;S-06;C-02; $40,733.48 ;;;;
2/03/2020;S-14;C-07; $44,502.47 ;;;;
3/03/2020;S-03;C-04; $22,301.16 ;;;;
3/03/2020;S-11;C-01; $31,697.09 ;;;;
3/03/2020;S-11;C-07; $26,572.24 ;;;;
3/03/2020;S-15;C-03; $45,317.43 ;;;;
4/03/2020;S-09;C-01; $35,188.51 ;;;;
4/03/2020;S-12;C-06; $34,162.77 ;;;;
5/03/2020;S-01;C-04; $10,657.32 ;;;;
5/03/2020;S-01;C-07; $42,547.82 ;;;;
5/03/2020;S-07;C-04; $59,772.44 ;;;;
5/03/2020;S-09;C-03; $26,315.41 ;;;;
5/03/2020;S-11;C-01; $27,333.96 ;;;;
5/03/2020;S-13;C-07; $41,922.75 ;;;;
6/03/2020;S-02;C-07; $57,799.51 ;;;;
6/03/2020;S-09;C-03; $17,153.90 ;;;;
6/03/2020;S-11;C-02; $31,874.28 ;;;;
6/03/2020;S-13;C-07; $23,655.60 ;;;;
6/03/2020;S-15;C-03; $57,069.09 ;;;;
7/03/2020;S-06;C-01; $42,614.36 ;;;;
7/03/2020;S-11;C-02; $55,770.07 ;;;;
7/03/2020;S-14;C-03; $39,160.11 ;;;;
8/03/2020;S-02;C-01; $41,814.78 ;;;;
8/03/2020;S-08;C-02; $12,028.17 ;;;;
8/03/2020;S-09;C-03; $30,748.55 ;;;;
9/03/2020;S-07;C-03; $19,777.46 ;;;;
9/03/2020;S-11;C-02; $36,439.83 ;;;;
9/03/2020;S-15;C-06; $48,442.03 ;;;;
10/03/2020;S-01;C-02; $46,581.19 ;;;;
10/03/2020;S-02;C-02; $50,056.15 ;;;;
10/03/2020;S-02;C-06; $29,022.82 ;;;;
10/03/2020;S-03;C-05; $29,574.75 ;;;;
10/03/2020;S-04;C-01; $57,077.39 ;;;;
10/03/2020;S-06;C-06; $24,494.31 ;;;;
10/03/2020;S-07;C-02; $50,238.41 ;;;;
10/03/2020;S-08;C-04; $32,618.91 ;;;;
10/03/2020;S-08;C-07; $24,771.65 ;;;;
10/03/2020;S-11;C-05; $57,799.53 ;;;;
10/03/2020;S-12;C-07; $16,290.50 ;;;;
10/03/2020;S-14;C-07; $30,499.12 ;;;;
10/03/2020;S-15;C-02; $35,705.19 ;;;;
11/03/2020;S-02;C-02; $40,700.74 ;;;;
11/03/2020;S-03;C-01; $59,121.59 ;;;;
11/03/2020;S-07;C-07; $25,434.95 ;;;;
11/03/2020;S-09;C-02; $52,232.63 ;;;;
11/03/2020;S-13;C-04; $53,535.79 ;;;;
11/03/2020;S-14;C-03; $17,553.57 ;;;;
11/03/2020;S-14;C-04; $53,585.14 ;;;;
12/03/2020;S-15;C-05; $51,992.39 ;;;;
13/03/2020;S-03;C-03; $45,948.28 ;;;;
13/03/2020;S-04;C-04; $11,830.91 ;;;;
13/03/2020;S-05;C-04; $21,363.71 ;;;;
13/03/2020;S-15;C-06; $16,733.87 ;;;;
14/03/2020;S-01;C-01; $34,111.44 ;;;;
14/03/2020;S-09;C-02; $39,100.71 ;;;;
14/03/2020;S-13;C-03; $17,205.47 ;;;;
14/03/2020;S-14;C-03; $13,260.36 ;;;;
14/03/2020;S-15;C-06; $37,602.29 ;;;;
15/03/2020;S-04;C-06; $59,839.09 ;;;;
15/03/2020;S-09;C-01; $40,131.13 ;;;;
15/03/2020;S-11;C-06; $38,870.15 ;;;;
15/03/2020;S-12;C-04; $19,934.03 ;;;;
15/03/2020;S-14;C-04; $18,112.13 ;;;;
16/03/2020;S-09;C-03; $40,232.71 ;;;;
16/03/2020;S-12;C-02; $53,764.84 ;;;;
16/03/2020;S-13;C-06; $31,853.63 ;;;;
17/03/2020;S-04;C-04; $11,382.75 ;;;;
18/03/2020;S-11;C-06; $10,591.77 ;;;;
19/03/2020;S-04;C-05; $21,197.99 ;;;;
19/03/2020;S-10;C-05; $31,166.03 ;;;;
20/03/2020;S-10;C-01; $30,563.61 ;;;;
21/03/2020;S-01;C-06; $38,247.59 ;;;;
21/03/2020;S-01;C-07; $54,050.45 ;;;;
21/03/2020;S-03;C-03; $28,742.83 ;;;;
21/03/2020;S-04;C-05; $57,891.25 ;;;;
21/03/2020;S-04;C-07; $44,572.14 ;;;;
21/03/2020;S-14;C-03; $19,802.21 ;;;;
22/03/2020;S-07;C-04; $14,143.43 ;;;;
22/03/2020;S-08;C-03; $53,872.24 ;;;;
23/03/2020;S-03;C-05; $24,431.46 ;;;;
23/03/2020;S-05;C-05; $37,238.79 ;;;;
23/03/2020;S-05;C-06; $21,347.96 ;;;;
23/03/2020;S-08;C-05; $50,092.63 ;;;;
23/03/2020;S-08;C-07; $13,775.10 ;;;;
23/03/2020;S-10;C-03; $19,525.73 ;;;;
23/03/2020;S-10;C-06; $46,354.15 ;;;;
23/03/2020;S-11;C-02; $56,654.38 ;;;;
23/03/2020;S-12;C-07; $44,016.75 ;;;;
23/03/2020;S-14;C-01; $33,416.11 ;;;;
23/03/2020;S-14;C-07; $37,118.77 ;;;;
23/03/2020;S-15;C-02; $42,356.98 ;;;;
24/03/2020;S-06;C-01; $29,763.07 ;;;;
25/03/2020;S-04;C-06; $21,974.55 ;;;;
25/03/2020;S-05;C-07; $30,255.67 ;;;;
25/03/2020;S-06;C-02; $53,872.42 ;;;;
25/03/2020;S-06;C-04; $17,584.60 ;;;;
25/03/2020;S-07;C-03; $58,387.71 ;;;;
25/03/2020;S-09;C-07; $40,651.13 ;;;;
25/03/2020;S-11;C-04; $42,925.96 ;;;;
25/03/2020;S-13;C-06; $33,995.01 ;;;;
26/03/2020;S-02;C-05; $30,774.41 ;;;;
26/03/2020;S-07;C-02; $45,103.96 ;;;;
26/03/2020;S-07;C-05; $39,047.23 ;;;;
26/03/2020;S-10;C-06; $41,359.59 ;;;;
26/03/2020;S-11;C-02; $35,060.76 ;;;;
26/03/2020;S-12;C-07; $39,327.55 ;;;;
27/03/2020;S-04;C-01; $22,394.29 ;;;;
27/03/2020;S-05;C-02; $37,665.88 ;;;;
27/03/2020;S-08;C-02; $41,799.62 ;;;;
27/03/2020;S-08;C-06; $48,005.74 ;;;;
28/03/2020;S-02;C-04; $48,815.22 ;;;;
28/03/2020;S-02;C-06; $16,597.94 ;;;;
28/03/2020;S-03;C-06; $58,644.13 ;;;;
28/03/2020;S-08;C-04; $22,725.46 ;;;;
28/03/2020;S-10;C-01; $16,742.56 ;;;;
28/03/2020;S-10;C-06; $45,018.09 ;;;;
28/03/2020;S-11;C-07; $33,249.20 ;;;;
28/03/2020;S-12;C-03; $29,882.85 ;;;;
28/03/2020;S-12;C-05; $49,548.87 ;;;;
28/03/2020;S-12;C-07; $22,802.70 ;;;;
28/03/2020;S-13;C-03; $50,331.12 ;;;;
29/03/2020;S-07;C-01; $20,665.09 ;;;;
30/03/2020;S-01;C-02; $32,477.95 ;;;;
30/03/2020;S-04;C-05; $41,110.34 ;;;;
30/03/2020;S-05;C-05; $25,855.81 ;;;;
30/03/2020;S-09;C-01; $30,865.16 ;;;;
30/03/2020;S-13;C-04; $46,090.96 ;;;;
31/03/2020;S-01;C-06; $17,637.57 ;;;;
31/03/2020;S-03;C-06; $16,408.77 ;;;;
31/03/2020;S-09;C-03; $18,580.72 ;;;;
31/03/2020;S-09;C-05; $47,216.82 ;;;;
31/03/2020;S-13;C-04; $57,681.90 ;;;;
1/04/2020;S-01;C-02; $47,163.77 ;;;;
1/04/2020;S-01;C-07; $50,227.93 ;;;;
1/04/2020;S-03;C-06; $17,001.58 ;;;;
1/04/2020;S-05;C-04; $56,793.03 ;;;;
1/04/2020;S-06;C-03; $26,805.84 ;;;;
1/04/2020;S-08;C-03; $40,987.01 ;;;;
1/04/2020;S-09;C-05; $47,611.10 ;;;;
1/04/2020;S-11;C-04; $49,351.59 ;;;;
1/04/2020;S-15;C-01; $12,926.52 ;;;;
2/04/2020;S-04;C-01; $44,647.49 ;;;;
3/04/2020;S-03;C-03; $43,558.88 ;;;;
4/04/2020;S-06;C-04; $53,014.69 ;;;;
5/04/2020;S-02;C-07; $36,677.60 ;;;;
5/04/2020;S-12;C-07; $27,219.26 ;;;;
5/04/2020;S-14;C-05; $20,670.36 ;;;;
6/04/2020;S-01;C-02; $46,520.98 ;;;;
6/04/2020;S-03;C-03; $23,153.88 ;;;;
6/04/2020;S-03;C-05; $42,435.40 ;;;;
6/04/2020;S-07;C-04; $37,398.66 ;;;;
6/04/2020;S-07;C-06; $35,080.42 ;;;;
6/04/2020;S-08;C-02; $51,008.92 ;;;;
6/04/2020;S-08;C-07; $55,157.68 ;;;;
6/04/2020;S-09;C-07; $51,483.70 ;;;;
6/04/2020;S-11;C-05; $21,930.79 ;;;;
6/04/2020;S-14;C-06; $18,555.95 ;;;;
7/04/2020;S-01;C-02; $28,685.56 ;;;;
7/04/2020;S-01;C-07; $11,880.67 ;;;;
7/04/2020;S-02;C-02; $35,826.52 ;;;;
7/04/2020;S-02;C-04; $49,883.11 ;;;;
7/04/2020;S-06;C-01; $40,929.37 ;;;;
7/04/2020;S-06;C-05; $22,534.86 ;;;;
7/04/2020;S-08;C-04; $12,901.97 ;;;;
7/04/2020;S-09;C-04; $26,266.16 ;;;;
7/04/2020;S-10;C-02; $48,603.24 ;;;;
7/04/2020;S-11;C-06; $10,481.88 ;;;;
8/04/2020;S-01;C-02; $13,824.08 ;;;;
8/04/2020;S-01;C-03; $34,346.88 ;;;;
8/04/2020;S-11;C-06; $33,132.34 ;;;;
8/04/2020;S-12;C-06; $41,693.92 ;;;;
8/04/2020;S-14;C-02; $39,060.09 ;;;;
9/04/2020;S-03;C-01; $10,042.58 ;;;;
9/04/2020;S-15;C-02; $52,396.15 ;;;;
10/04/2020;S-05;C-03; $15,071.33 ;;;;
10/04/2020;S-06;C-01; $47,038.44 ;;;;
10/04/2020;S-06;C-03; $26,962.84 ;;;;
10/04/2020;S-11;C-04; $12,574.53 ;;;;
10/04/2020;S-11;C-06; $26,074.60 ;;;;
10/04/2020;S-12;C-02; $26,907.54 ;;;;
10/04/2020;S-13;C-01; $30,013.01 ;;;;
11/04/2020;S-09;C-06; $38,351.11 ;;;;
12/04/2020;S-06;C-04; $32,626.97 ;;;;
12/04/2020;S-13;C-03; $44,787.10 ;;;;
13/04/2020;S-02;C-05; $30,059.56 ;;;;
13/04/2020;S-05;C-05; $44,272.60 ;;;;
13/04/2020;S-05;C-07; $38,638.66 ;;;;
13/04/2020;S-06;C-01; $26,614.33 ;;;;
13/04/2020;S-07;C-04; $33,471.59 ;;;;
13/04/2020;S-10;C-03; $45,441.12 ;;;;
13/04/2020;S-11;C-03; $45,204.10 ;;;;
13/04/2020;S-12;C-04; $53,041.81 ;;;;
13/04/2020;S-13;C-01; $10,100.34 ;;;;
13/04/2020;S-14;C-04; $20,650.63 ;;;;
13/04/2020;S-15;C-01; $12,617.91 ;;;;
14/04/2020;S-02;C-01; $49,722.22 ;;;;
14/04/2020;S-14;C-03; $20,590.38 ;;;;
15/04/2020;S-04;C-03; $55,094.96 ;;;;
15/04/2020;S-10;C-04; $26,349.41 ;;;;
15/04/2020;S-13;C-04; $33,855.73 ;;;;
15/04/2020;S-15;C-06; $36,998.12 ;;;;
16/04/2020;S-04;C-02; $32,235.56 ;;;;
17/04/2020;S-10;C-05; $49,121.63 ;;;;
18/04/2020;S-07;C-06; $12,184.38 ;;;;
19/04/2020;S-03;C-06; $59,272.61 ;;;;
20/04/2020;S-13;C-02; $10,725.97 ;;;;
21/04/2020;S-07;C-06; $49,026.93 ;;;;
21/04/2020;S-10;C-04; $58,933.40 ;;;;
21/04/2020;S-12;C-07; $37,499.70 ;;;;
21/04/2020;S-15;C-07; $36,160.70 ;;;;
22/04/2020;S-10;C-05; $55,406.43 ;;;;
22/04/2020;S-14;C-04; $59,983.39 ;;;;
23/04/2020;S-04;C-04; $55,510.92 ;;;;
23/04/2020;S-09;C-07; $43,394.11 ;;;;
24/04/2020;S-02;C-02; $26,684.21 ;;;;
24/04/2020;S-09;C-01; $16,302.74 ;;;;
24/04/2020;S-12;C-06; $58,485.24 ;;;;
25/04/2020;S-07;C-01; $45,014.50 ;;;;
25/04/2020;S-09;C-07; $14,768.77 ;;;;
26/04/2020;S-10;C-02; $18,061.50 ;;;;
27/04/2020;S-08;C-04; $16,682.15 ;;;;
27/04/2020;S-12;C-03; $30,467.28 ;;;;
28/04/2020;S-05;C-07; $22,030.93 ;;;;
28/04/2020;S-07;C-05; $39,847.35 ;;;;
28/04/2020;S-10;C-06; $52,694.97 ;;;;
29/04/2020;S-13;C-02; $16,158.85 ;;;;
30/04/2020;S-02;C-01; $49,523.76 ;;;;
30/04/2020;S-02;C-05; $41,235.17 ;;;;
30/04/2020;S-03;C-02; $58,436.60 ;;;;
30/04/2020;S-03;C-07; $28,713.89 ;;;;
30/04/2020;S-04;C-05; $25,291.98 ;;;;
30/04/2020;S-05;C-02; $27,287.41 ;;;;
30/04/2020;S-08;C-03; $35,860.14 ;;;;
30/04/2020;S-08;C-06; $49,250.22 ;;;;
30/04/2020;S-08;C-07; $30,517.87 ;;;;
30/04/2020;S-09;C-07; $53,171.47 ;;;;
30/04/2020;S-10;C-05; $53,567.61 ;;;;
30/04/2020;S-10;C-07; $45,740.75 ;;;;
30/04/2020;S-11;C-02; $55,884.07 ;;;;
30/04/2020;S-12;C-02; $50,049.34 ;;;;
30/04/2020;S-13;C-04; $56,423.43 ;;;;
30/04/2020;S-15;C-06; $37,507.77 ;;;;
1/05/2020;S-07;C-02; $29,350.14 ;;;;
1/05/2020;S-10;C-06; $34,097.65 ;;;;
1/05/2020;S-11;C-07; $14,051.93 ;;;;
2/05/2020;S-03;C-02; $51,675.04 ;;;;
2/05/2020;S-10;C-04; $45,517.11 ;;;;
3/05/2020;S-13;C-03; $17,070.56 ;;;;
4/05/2020;S-01;C-02; $36,261.53 ;;;;
4/05/2020;S-06;C-04; $26,893.80 ;;;;
4/05/2020;S-14;C-06; $38,979.58 ;;;;
4/05/2020;S-15;C-04; $51,385.96 ;;;;
5/05/2020;S-02;C-07; $37,588.22 ;;;;
5/05/2020;S-08;C-01; $36,169.90 ;;;;
5/05/2020;S-13;C-02; $51,529.34 ;;;;
6/05/2020;S-11;C-04; $14,033.92 ;;;;
7/05/2020;S-07;C-02; $13,814.33 ;;;;
8/05/2020;S-01;C-03; $43,493.54 ;;;;
8/05/2020;S-05;C-01; $41,171.86 ;;;;
8/05/2020;S-08;C-02; $33,273.30 ;;;;
8/05/2020;S-11;C-06; $58,510.44 ;;;;
8/05/2020;S-13;C-05; $16,812.88 ;;;;
8/05/2020;S-15;C-01; $37,389.74 ;;;;
9/05/2020;S-03;C-04; $46,368.34 ;;;;
9/05/2020;S-09;C-04; $58,385.64 ;;;;
9/05/2020;S-09;C-07; $28,318.26 ;;;;
9/05/2020;S-14;C-03; $37,394.15 ;;;;
10/05/2020;S-01;C-02; $50,029.76 ;;;;
11/05/2020;S-15;C-06; $24,920.18 ;;;;
12/05/2020;S-11;C-04; $37,369.36 ;;;;
13/05/2020;S-02;C-03; $51,644.66 ;;;;
13/05/2020;S-08;C-07; $30,081.44 ;;;;
13/05/2020;S-10;C-07; $51,522.45 ;;;;
14/05/2020;S-05;C-03; $39,630.09 ;;;;
15/05/2020;S-01;C-06; $55,514.94 ;;;;
15/05/2020;S-01;C-07; $10,651.46 ;;;;
15/05/2020;S-04;C-01; $43,109.19 ;;;;
15/05/2020;S-05;C-02; $55,606.75 ;;;;
16/05/2020;S-08;C-02; $53,769.83 ;;;;
16/05/2020;S-09;C-07; $13,324.63 ;;;;
17/05/2020;S-09;C-01; $31,021.44 ;;;;
17/05/2020;S-10;C-02; $34,090.97 ;;;;
18/05/2020;S-04;C-02; $23,868.52 ;;;;
18/05/2020;S-06;C-01; $58,872.87 ;;;;
19/05/2020;S-08;C-07; $33,821.95 ;;;;
20/05/2020;S-04;C-03; $20,307.89 ;;;;
20/05/2020;S-05;C-05; $14,193.28 ;;;;
20/05/2020;S-11;C-03; $26,923.19 ;;;;
21/05/2020;S-03;C-05; $48,160.55 ;;;;
22/05/2020;S-04;C-06; $52,924.48 ;;;;
22/05/2020;S-05;C-03; $17,175.09 ;;;;
22/05/2020;S-06;C-07; $20,306.71 ;;;;
22/05/2020;S-09;C-02; $22,518.60 ;;;;
22/05/2020;S-09;C-07; $21,822.32 ;;;;
23/05/2020;S-03;C-04; $12,226.44 ;;;;
24/05/2020;S-01;C-02; $34,449.90 ;;;;
24/05/2020;S-03;C-03; $11,226.19 ;;;;
24/05/2020;S-08;C-05; $15,490.16 ;;;;
25/05/2020;S-05;C-01; $37,428.21 ;;;;
26/05/2020;S-04;C-07; $30,342.58 ;;;;
27/05/2020;S-02;C-05; $10,792.43 ;;;;
27/05/2020;S-05;C-04; $45,493.70 ;;;;
27/05/2020;S-07;C-01; $37,673.48 ;;;;
27/05/2020;S-08;C-04; $46,759.92 ;;;;
27/05/2020;S-08;C-07; $29,858.55 ;;;;
27/05/2020;S-10;C-01; $50,932.06 ;;;;
27/05/2020;S-11;C-07; $51,549.66 ;;;;
27/05/2020;S-13;C-03; $56,215.74 ;;;;
27/05/2020;S-14;C-06; $28,045.57 ;;;;
27/05/2020;S-14;C-07; $18,446.12 ;;;;
28/05/2020;S-01;C-03; $22,649.58 ;;;;
28/05/2020;S-09;C-06; $32,303.82 ;;;;
28/05/2020;S-10;C-07; $19,718.53 ;;;;
28/05/2020;S-11;C-07; $39,268.30 ;;;;
28/05/2020;S-13;C-02; $15,633.84 ;;;;
28/05/2020;S-15;C-01; $58,686.70 ;;;;
29/05/2020;S-11;C-03; $30,022.11 ;;;;
29/05/2020;S-13;C-07; $27,576.80 ;;;;
30/05/2020;S-10;C-05; $41,648.35 ;;;;
31/05/2020;S-03;C-07; $12,630.91 ;;;;
31/05/2020;S-05;C-02; $41,111.91 ;;;;
31/05/2020;S-07;C-02; $55,214.79 ;;;;
31/05/2020;S-09;C-02; $55,194.94 ;;;;
31/05/2020;S-14;C-06; $15,889.53 ;;;;
1/06/2020;S-02;C-01; $12,809.44 ;;;;
1/06/2020;S-02;C-03; $28,199.17 ;;;;
1/06/2020;S-02;C-05; $21,944.19 ;;;;
1/06/2020;S-05;C-02; $25,195.82 ;;;;
1/06/2020;S-06;C-03; $24,536.02 ;;;;
1/06/2020;S-08;C-03; $12,891.98 ;;;;
1/06/2020;S-09;C-03; $57,362.03 ;;;;
1/06/2020;S-10;C-04; $48,606.78 ;;;;
1/06/2020;S-11;C-03; $35,220.31 ;;;;
1/06/2020;S-11;C-04; $20,048.24 ;;;;
1/06/2020;S-12;C-03; $52,039.91 ;;;;
1/06/2020;S-14;C-02; $22,361.16 ;;;;
2/06/2020;S-01;C-02; $20,599.50 ;;;;
2/06/2020;S-01;C-04; $16,637.12 ;;;;
2/06/2020;S-03;C-02; $59,334.12 ;;;;
2/06/2020;S-04;C-01; $27,093.86 ;;;;
2/06/2020;S-04;C-02; $23,547.82 ;;;;
2/06/2020;S-07;C-02; $25,019.00 ;;;;
2/06/2020;S-08;C-05; $44,387.10 ;;;;
2/06/2020;S-11;C-01; $48,521.07 ;;;;
2/06/2020;S-12;C-04; $52,291.50 ;;;;
2/06/2020;S-12;C-07; $15,573.49 ;;;;
2/06/2020;S-14;C-01; $54,160.31 ;;;;
2/06/2020;S-15;C-04; $16,216.79 ;;;;
3/06/2020;S-01;C-07; $49,611.01 ;;;;
3/06/2020;S-13;C-03; $41,261.37 ;;;;
4/06/2020;S-05;C-03; $37,566.52 ;;;;
4/06/2020;S-05;C-06; $30,538.66 ;;;;
4/06/2020;S-08;C-01; $30,725.82 ;;;;
4/06/2020;S-14;C-05; $14,674.58 ;;;;
5/06/2020;S-05;C-06; $11,104.53 ;;;;
6/06/2020;S-01;C-07; $32,993.83 ;;;;
7/06/2020;S-01;C-01; $43,065.13 ;;;;
7/06/2020;S-03;C-04; $18,366.44 ;;;;
7/06/2020;S-08;C-07; $23,608.19 ;;;;
8/06/2020;S-09;C-04; $35,392.86 ;;;;
9/06/2020;S-02;C-03; $23,967.14 ;;;;
9/06/2020;S-02;C-05; $59,648.39 ;;;;
9/06/2020;S-03;C-07; $23,353.41 ;;;;
9/06/2020;S-04;C-02; $19,829.21 ;;;;
9/06/2020;S-05;C-01; $59,039.25 ;;;;
9/06/2020;S-06;C-03; $19,377.48 ;;;;
9/06/2020;S-07;C-05; $15,562.57 ;;;;
9/06/2020;S-10;C-05; $50,231.46 ;;;;
9/06/2020;S-11;C-06; $39,701.99 ;;;;
9/06/2020;S-12;C-01; $25,374.65 ;;;;
10/06/2020;S-10;C-02; $40,906.07 ;;;;
11/06/2020;S-03;C-05; $21,215.44 ;;;;
11/06/2020;S-05;C-01; $55,402.47 ;;;;
11/06/2020;S-13;C-06; $53,542.34 ;;;;
12/06/2020;S-03;C-01; $57,026.54 ;;;;
12/06/2020;S-04;C-02; $16,434.76 ;;;;
12/06/2020;S-07;C-05; $53,514.94 ;;;;
12/06/2020;S-09;C-05; $57,638.10 ;;;;
13/06/2020;S-01;C-02; $43,687.73 ;;;;
13/06/2020;S-07;C-03; $12,603.74 ;;;;
13/06/2020;S-08;C-02; $26,412.15 ;;;;
13/06/2020;S-09;C-04; $15,065.20 ;;;;
13/06/2020;S-14;C-01; $32,759.48 ;;;;
14/06/2020;S-06;C-01; $44,726.64 ;;;;
14/06/2020;S-13;C-06; $59,853.18 ;;;;
14/06/2020;S-14;C-07; $21,074.59 ;;;;
15/06/2020;S-08;C-03; $35,307.15 ;;;;
16/06/2020;S-02;C-01; $19,883.59 ;;;;
16/06/2020;S-04;C-05; $41,383.67 ;;;;
16/06/2020;S-06;C-01; $41,783.10 ;;;;
16/06/2020;S-06;C-04; $39,240.91 ;;;;
16/06/2020;S-09;C-06; $50,863.03 ;;;;
16/06/2020;S-13;C-04; $30,231.97 ;;;;
16/06/2020;S-15;C-06; $42,422.01 ;;;;
17/06/2020;S-04;C-02; $53,163.29 ;;;;
17/06/2020;S-07;C-01; $14,982.68 ;;;;
18/06/2020;S-02;C-05; $57,962.98 ;;;;
18/06/2020;S-07;C-02; $19,903.67 ;;;;
18/06/2020;S-07;C-05; $52,386.87 ;;;;
18/06/2020;S-11;C-04; $31,822.87 ;;;;
18/06/2020;S-11;C-06; $37,868.64 ;;;;
18/06/2020;S-14;C-02; $25,178.78 ;;;;
18/06/2020;S-15;C-02; $25,987.91 ;;;;
19/06/2020;S-15;C-07; $34,463.95 ;;;;
20/06/2020;S-09;C-02; $43,641.08 ;;;;
20/06/2020;S-14;C-02; $20,608.69 ;;;;
21/06/2020;S-01;C-02; $14,168.06 ;;;;
21/06/2020;S-06;C-01; $12,964.31 ;;;;
21/06/2020;S-06;C-02; $28,135.12 ;;;;
21/06/2020;S-07;C-01; $43,040.19 ;;;;
21/06/2020;S-10;C-02; $52,000.11 ;;;;
21/06/2020;S-10;C-05; $56,641.42 ;;;;
21/06/2020;S-11;C-06; $27,393.38 ;;;;
21/06/2020;S-14;C-01; $50,778.14 ;;;;
22/06/2020;S-15;C-07; $51,792.44 ;;;;
23/06/2020;S-04;C-05; $45,159.59 ;;;;
24/06/2020;S-03;C-07; $45,759.23 ;;;;
24/06/2020;S-04;C-05; $13,932.03 ;;;;
24/06/2020;S-07;C-01; $41,251.14 ;;;;
24/06/2020;S-10;C-02; $33,058.18 ;;;;
24/06/2020;S-11;C-05; $55,242.86 ;;;;
24/06/2020;S-12;C-02; $57,936.00 ;;;;
24/06/2020;S-15;C-05; $33,278.94 ;;;;
25/06/2020;S-08;C-07; $55,360.09 ;;;;
25/06/2020;S-12;C-02; $26,120.07 ;;;;
26/06/2020;S-06;C-01; $16,948.73 ;;;;
26/06/2020;S-06;C-03; $32,486.14 ;;;;
26/06/2020;S-06;C-04; $45,013.75 ;;;;
26/06/2020;S-08;C-04; $16,232.13 ;;;;
26/06/2020;S-14;C-03; $30,437.11 ;;;;
27/06/2020;S-01;C-01; $28,802.85 ;;;;
27/06/2020;S-10;C-02; $36,640.43 ;;;;
27/06/2020;S-10;C-03; $23,914.62 ;;;;
27/06/2020;S-12;C-05; $44,062.50 ;;;;
27/06/2020;S-14;C-04; $30,086.48 ;;;;
28/06/2020;S-01;C-06; $58,985.94 ;;;;
29/06/2020;S-01;C-01; $50,811.28 ;;;;
29/06/2020;S-05;C-04; $55,036.02 ;;;;
29/06/2020;S-05;C-05; $54,505.76 ;;;;
29/06/2020;S-06;C-03; $57,277.55 ;;;;
29/06/2020;S-07;C-03; $42,107.30 ;;;;
29/06/2020;S-08;C-01; $59,298.53 ;;;;
29/06/2020;S-12;C-04; $12,443.86 ;;;;
29/06/2020;S-15;C-04; $47,593.62 ;;;;
30/06/2020;S-01;C-02; $35,649.23 ;;;;
1/07/2020;S-01;C-01; $35,334.57 ;;;;
1/07/2020;S-05;C-02; $18,605.68 ;;;;
1/07/2020;S-13;C-03; $47,351.03 ;;;;
1/07/2020;S-15;C-06; $27,835.41 ;;;;
2/07/2020;S-12;C-03; $42,290.23 ;;;;
3/07/2020;S-03;C-04; $47,035.96 ;;;;
3/07/2020;S-07;C-02; $29,439.15 ;;;;
4/07/2020;S-06;C-01; $33,655.46 ;;;;
4/07/2020;S-11;C-02; $40,971.03 ;;;;
4/07/2020;S-11;C-05; $35,771.97 ;;;;
4/07/2020;S-12;C-03; $59,850.95 ;;;;
4/07/2020;S-13;C-02; $21,774.92 ;;;;
5/07/2020;S-01;C-03; $44,830.88 ;;;;
5/07/2020;S-01;C-06; $46,598.54 ;;;;
5/07/2020;S-03;C-06; $12,260.64 ;;;;
5/07/2020;S-04;C-06; $44,449.55 ;;;;
5/07/2020;S-06;C-04; $35,986.16 ;;;;
5/07/2020;S-08;C-05; $13,200.63 ;;;;
5/07/2020;S-15;C-04; $49,012.90 ;;;;
6/07/2020;S-01;C-05; $26,961.96 ;;;;
6/07/2020;S-02;C-01; $49,792.32 ;;;;
6/07/2020;S-03;C-02; $38,172.35 ;;;;
6/07/2020;S-05;C-02; $59,271.73 ;;;;
6/07/2020;S-07;C-06; $21,092.36 ;;;;
6/07/2020;S-08;C-02; $47,075.29 ;;;;
6/07/2020;S-15;C-06; $14,782.61 ;;;;
7/07/2020;S-08;C-01; $40,514.97 ;;;;
8/07/2020;S-04;C-01; $18,082.35 ;;;;
9/07/2020;S-08;C-04; $14,935.68 ;;;;
10/07/2020;S-04;C-07; $57,581.04 ;;;;
10/07/2020;S-07;C-01; $34,149.04 ;;;;
10/07/2020;S-15;C-01; $17,552.94 ;;;;
10/07/2020;S-15;C-02; $52,570.95 ;;;;
11/07/2020;S-01;C-06; $13,122.11 ;;;;
11/07/2020;S-02;C-07; $31,930.62 ;;;;
11/07/2020;S-03;C-05; $11,162.83 ;;;;
11/07/2020;S-03;C-06; $14,534.11 ;;;;
11/07/2020;S-07;C-03; $24,683.97 ;;;;
11/07/2020;S-08;C-01; $38,868.90 ;;;;
11/07/2020;S-08;C-06; $50,883.71 ;;;;
11/07/2020;S-10;C-05; $54,887.27 ;;;;
11/07/2020;S-11;C-05; $42,631.34 ;;;;
12/07/2020;S-01;C-04; $44,095.37 ;;;;
12/07/2020;S-01;C-05; $23,820.35 ;;;;
12/07/2020;S-03;C-04; $40,050.25 ;;;;
12/07/2020;S-03;C-06; $55,550.76 ;;;;
12/07/2020;S-05;C-02; $25,230.53 ;;;;
12/07/2020;S-05;C-07; $31,298.63 ;;;;
12/07/2020;S-06;C-01; $21,671.43 ;;;;
12/07/2020;S-08;C-01; $15,264.47 ;;;;
12/07/2020;S-14;C-03; $35,802.72 ;;;;
13/07/2020;S-01;C-05; $49,929.86 ;;;;
13/07/2020;S-02;C-02; $34,285.89 ;;;;
13/07/2020;S-03;C-03; $44,772.45 ;;;;
13/07/2020;S-09;C-04; $55,411.10 ;;;;
13/07/2020;S-10;C-03; $41,468.63 ;;;;
13/07/2020;S-10;C-04; $30,150.40 ;;;;
13/07/2020;S-10;C-07; $41,534.64 ;;;;
13/07/2020;S-11;C-02; $36,062.91 ;;;;
13/07/2020;S-13;C-01; $54,394.30 ;;;;
13/07/2020;S-15;C-02; $16,969.65 ;;;;
14/07/2020;S-03;C-04; $31,687.99 ;;;;
14/07/2020;S-04;C-06; $23,795.59 ;;;;
14/07/2020;S-12;C-03; $39,070.02 ;;;;
14/07/2020;S-15;C-04; $42,816.74 ;;;;
15/07/2020;S-11;C-07; $43,476.37 ;;;;
16/07/2020;S-09;C-04; $52,315.32 ;;;;
17/07/2020;S-09;C-06; $48,561.27 ;;;;
17/07/2020;S-11;C-05; $47,083.95 ;;;;
18/07/2020;S-01;C-06; $46,223.84 ;;;;
18/07/2020;S-02;C-07; $17,292.53 ;;;;
18/07/2020;S-06;C-07; $57,181.48 ;;;;
18/07/2020;S-07;C-04; $40,688.06 ;;;;
18/07/2020;S-13;C-05; $25,446.90 ;;;;
19/07/2020;S-01;C-01; $27,427.83 ;;;;
19/07/2020;S-08;C-04; $32,657.22 ;;;;
19/07/2020;S-11;C-04; $16,487.41 ;;;;
19/07/2020;S-12;C-03; $39,269.98 ;;;;
19/07/2020;S-14;C-02; $38,223.08 ;;;;
19/07/2020;S-14;C-03; $42,235.31 ;;;;
19/07/2020;S-14;C-07; $50,928.02 ;;;;
20/07/2020;S-04;C-06; $29,232.84 ;;;;
21/07/2020;S-08;C-06; $31,605.77 ;;;;
21/07/2020;S-11;C-03; $16,775.10 ;;;;
21/07/2020;S-13;C-03; $32,408.85 ;;;;
22/07/2020;S-03;C-06; $30,994.08 ;;;;
22/07/2020;S-05;C-01; $23,252.20 ;;;;
22/07/2020;S-05;C-02; $20,087.22 ;;;;
22/07/2020;S-06;C-01; $39,884.66 ;;;;
22/07/2020;S-07;C-04; $25,877.15 ;;;;
22/07/2020;S-08;C-01; $55,448.91 ;;;;
22/07/2020;S-08;C-03; $29,505.37 ;;;;
22/07/2020;S-09;C-01; $53,225.52 ;;;;
22/07/2020;S-10;C-02; $21,169.73 ;;;;
22/07/2020;S-13;C-07; $41,333.79 ;;;;
22/07/2020;S-14;C-05; $41,648.67 ;;;;
23/07/2020;S-02;C-03; $17,958.90 ;;;;
23/07/2020;S-02;C-07; $38,398.42 ;;;;
23/07/2020;S-04;C-04; $13,895.51 ;;;;
23/07/2020;S-04;C-07; $27,536.88 ;;;;
23/07/2020;S-06;C-03; $29,231.35 ;;;;
23/07/2020;S-08;C-07; $42,589.37 ;;;;
24/07/2020;S-01;C-04; $24,834.99 ;;;;
24/07/2020;S-05;C-07; $33,182.54 ;;;;
24/07/2020;S-09;C-06; $19,054.61 ;;;;
24/07/2020;S-11;C-01; $48,809.69 ;;;;
25/07/2020;S-01;C-03; $58,800.16 ;;;;
25/07/2020;S-04;C-01; $32,540.79 ;;;;
25/07/2020;S-07;C-07; $33,197.96 ;;;;
25/07/2020;S-08;C-01; $38,916.30 ;;;;
25/07/2020;S-08;C-06; $37,133.99 ;;;;
25/07/2020;S-09;C-02; $36,821.41 ;;;;
25/07/2020;S-12;C-06; $56,381.52 ;;;;
25/07/2020;S-14;C-04; $53,864.85 ;;;;
26/07/2020;S-02;C-04; $23,739.66 ;;;;
26/07/2020;S-06;C-04; $46,773.85 ;;;;
26/07/2020;S-07;C-03; $31,146.74 ;;;;
26/07/2020;S-08;C-06; $41,919.63 ;;;;
26/07/2020;S-15;C-06; $51,536.00 ;;;;
27/07/2020;S-06;C-02; $54,047.90 ;;;;
27/07/2020;S-11;C-06; $58,797.73 ;;;;
27/07/2020;S-14;C-03; $38,115.66 ;;;;
28/07/2020;S-03;C-01; $51,215.32 ;;;;
28/07/2020;S-08;C-04; $43,081.44 ;;;;
28/07/2020;S-15;C-01; $46,521.50 ;;;;
29/07/2020;S-12;C-01; $13,254.69 ;;;;
29/07/2020;S-12;C-07; $15,941.32 ;;;;
29/07/2020;S-15;C-04; $57,762.64 ;;;;
30/07/2020;S-02;C-06; $43,333.54 ;;;;
30/07/2020;S-02;C-07; $27,667.61 ;;;;
30/07/2020;S-04;C-02; $39,518.56 ;;;;
30/07/2020;S-14;C-07; $46,156.16 ;;;;
31/07/2020;S-02;C-04; $17,276.15 ;;;;
31/07/2020;S-08;C-06; $12,397.86 ;;;;
1/08/2020;S-06;C-03; $12,328.80 ;;;;
1/08/2020;S-10;C-05; $23,510.20 ;;;;
1/08/2020;S-12;C-04; $53,629.76 ;;;;
1/08/2020;S-13;C-02; $53,776.44 ;;;;
1/08/2020;S-13;C-07; $27,372.30 ;;;;
2/08/2020;S-06;C-07; $43,144.39 ;;;;
3/08/2020;S-12;C-03; $46,046.12 ;;;;
4/08/2020;S-10;C-01; $53,632.34 ;;;;
4/08/2020;S-13;C-06; $39,652.45 ;;;;
5/08/2020;S-15;C-04; $31,261.65 ;;;;
6/08/2020;S-07;C-01; $23,091.48 ;;;;
7/08/2020;S-01;C-02; $22,680.54 ;;;;
7/08/2020;S-01;C-04; $27,750.80 ;;;;
7/08/2020;S-01;C-06; $29,947.04 ;;;;
7/08/2020;S-02;C-03; $48,510.95 ;;;;
7/08/2020;S-02;C-06; $10,424.11 ;;;;
7/08/2020;S-03;C-04; $48,584.08 ;;;;
7/08/2020;S-05;C-03; $46,525.64 ;;;;
7/08/2020;S-09;C-01; $52,767.80 ;;;;
7/08/2020;S-09;C-03; $51,640.97 ;;;;
7/08/2020;S-14;C-01; $18,663.61 ;;;;
7/08/2020;S-14;C-03; $53,157.45 ;;;;
8/08/2020;S-11;C-01; $30,570.70 ;;;;
8/08/2020;S-14;C-03; $29,770.37 ;;;;
9/08/2020;S-02;C-07; $48,825.39 ;;;;
9/08/2020;S-03;C-04; $30,490.35 ;;;;
9/08/2020;S-10;C-02; $10,541.39 ;;;;
9/08/2020;S-13;C-04; $19,149.28 ;;;;
10/08/2020;S-12;C-02; $45,064.59 ;;;;
10/08/2020;S-14;C-04; $48,179.11 ;;;;
11/08/2020;S-04;C-06; $43,912.37 ;;;;
11/08/2020;S-11;C-07; $50,653.61 ;;;;
12/08/2020;S-04;C-06; $16,497.50 ;;;;
12/08/2020;S-06;C-01; $36,669.63 ;;;;
12/08/2020;S-09;C-05; $59,924.61 ;;;;
12/08/2020;S-14;C-01; $38,144.05 ;;;;
12/08/2020;S-15;C-06; $56,725.58 ;;;;
13/08/2020;S-01;C-02; $42,205.91 ;;;;
13/08/2020;S-03;C-03; $10,746.29 ;;;;
14/08/2020;S-02;C-01; $20,400.62 ;;;;
15/08/2020;S-03;C-05; $59,958.57 ;;;;
15/08/2020;S-06;C-01; $37,248.27 ;;;;
15/08/2020;S-07;C-02; $48,731.37 ;;;;
15/08/2020;S-12;C-04; $48,029.22 ;;;;
15/08/2020;S-14;C-06; $36,603.61 ;;;;
15/08/2020;S-15;C-07; $22,984.56 ;;;;
16/08/2020;S-04;C-05; $59,666.43 ;;;;
16/08/2020;S-06;C-06; $30,556.12 ;;;;
16/08/2020;S-12;C-01; $12,404.55 ;;;;
17/08/2020;S-08;C-03; $39,893.82 ;;;;
17/08/2020;S-09;C-04; $43,055.56 ;;;;
17/08/2020;S-12;C-01; $49,733.85 ;;;;
17/08/2020;S-14;C-01; $29,139.34 ;;;;
17/08/2020;S-15;C-06; $58,994.94 ;;;;
18/08/2020;S-01;C-06; $20,959.19 ;;;;
18/08/2020;S-04;C-03; $29,654.12 ;;;;
18/08/2020;S-07;C-07; $34,551.80 ;;;;
18/08/2020;S-11;C-03; $43,251.16 ;;;;
19/08/2020;S-08;C-04; $18,743.20 ;;;;
19/08/2020;S-14;C-06; $50,750.83 ;;;;
20/08/2020;S-01;C-02; $44,423.89 ;;;;
20/08/2020;S-01;C-06; $28,178.18 ;;;;
20/08/2020;S-06;C-02; $59,472.08 ;;;;
20/08/2020;S-09;C-06; $26,972.24 ;;;;
20/08/2020;S-10;C-03; $51,846.87 ;;;;
21/08/2020;S-02;C-02; $53,102.24 ;;;;
21/08/2020;S-04;C-06; $15,658.39 ;;;;
21/08/2020;S-05;C-02; $44,695.76 ;;;;
21/08/2020;S-06;C-02; $52,113.37 ;;;;
21/08/2020;S-06;C-05; $21,109.63 ;;;;
21/08/2020;S-08;C-03; $31,107.66 ;;;;
21/08/2020;S-10;C-03; $31,409.35 ;;;;
21/08/2020;S-11;C-01; $20,018.90 ;;;;
21/08/2020;S-11;C-02; $48,405.12 ;;;;
21/08/2020;S-14;C-05; $57,774.98 ;;;;
22/08/2020;S-02;C-01; $12,909.65 ;;;;
22/08/2020;S-04;C-05; $19,856.22 ;;;;
22/08/2020;S-10;C-03; $57,042.44 ;;;;
23/08/2020;S-01;C-03; $15,739.12 ;;;;
23/08/2020;S-02;C-03; $20,539.62 ;;;;
23/08/2020;S-03;C-03; $41,941.34 ;;;;
23/08/2020;S-04;C-05; $30,400.04 ;;;;
23/08/2020;S-05;C-07; $15,404.48 ;;;;
23/08/2020;S-06;C-04; $28,476.34 ;;;;
23/08/2020;S-08;C-03; $24,030.02 ;;;;
23/08/2020;S-09;C-02; $33,142.82 ;;;;
23/08/2020;S-12;C-05; $48,387.25 ;;;;
23/08/2020;S-13;C-01; $15,897.86 ;;;;
23/08/2020;S-15;C-07; $26,638.83 ;;;;
24/08/2020;S-01;C-07; $20,251.65 ;;;;
24/08/2020;S-10;C-05; $58,285.35 ;;;;
24/08/2020;S-10;C-07; $44,564.19 ;;;;
25/08/2020;S-13;C-02; $34,880.92 ;;;;
26/08/2020;S-01;C-04; $53,062.37 ;;;;
26/08/2020;S-01;C-06; $27,467.00 ;;;;
26/08/2020;S-02;C-01; $21,780.21 ;;;;
26/08/2020;S-04;C-03; $48,721.89 ;;;;
26/08/2020;S-06;C-05; $58,788.37 ;;;;
26/08/2020;S-08;C-01; $17,830.56 ;;;;
26/08/2020;S-09;C-05; $23,490.00 ;;;;
26/08/2020;S-10;C-01; $32,806.64 ;;;;
26/08/2020;S-10;C-02; $32,468.94 ;;;;
26/08/2020;S-13;C-06; $18,577.44 ;;;;
26/08/2020;S-14;C-02; $22,050.92 ;;;;
26/08/2020;S-15;C-03; $13,469.90 ;;;;
27/08/2020;S-10;C-06; $18,684.73 ;;;;
28/08/2020;S-02;C-07; $19,798.08 ;;;;
29/08/2020;S-01;C-05; $53,664.06 ;;;;
30/08/2020;S-04;C-02; $36,532.30 ;;;;
30/08/2020;S-09;C-01; $20,474.14 ;;;;
30/08/2020;S-10;C-04; $54,876.66 ;;;;
30/08/2020;S-12;C-05; $57,731.68 ;;;;
31/08/2020;S-03;C-02; $56,640.44 ;;;;
31/08/2020;S-10;C-06; $55,367.78 ;;;;
1/09/2020;S-01;C-06; $39,202.19 ;;;;
1/09/2020;S-03;C-04; $38,347.97 ;;;;
2/09/2020;S-05;C-04; $10,389.45 ;;;;
2/09/2020;S-10;C-06; $27,439.41 ;;;;
3/09/2020;S-07;C-06; $20,925.66 ;;;;
4/09/2020;S-10;C-03; $25,487.55 ;;;;
5/09/2020;S-05;C-02; $52,798.26 ;;;;
5/09/2020;S-10;C-03; $33,058.90 ;;;;
6/09/2020;S-02;C-03; $43,109.49 ;;;;
6/09/2020;S-02;C-07; $41,325.24 ;;;;
6/09/2020;S-03;C-07; $44,106.93 ;;;;
6/09/2020;S-06;C-03; $33,101.56 ;;;;
6/09/2020;S-12;C-06; $52,059.17 ;;;;
6/09/2020;S-13;C-06; $38,133.31 ;;;;
6/09/2020;S-14;C-02; $42,031.31 ;;;;
6/09/2020;S-14;C-05; $50,226.84 ;;;;
6/09/2020;S-15;C-06; $42,598.64 ;;;;
7/09/2020;S-02;C-06; $59,267.93 ;;;;
7/09/2020;S-08;C-03; $41,829.00 ;;;;
8/09/2020;S-14;C-02; $18,823.65 ;;;;
9/09/2020;S-01;C-01; $16,009.55 ;;;;
9/09/2020;S-03;C-04; $14,386.46 ;;;;
9/09/2020;S-05;C-03; $54,598.43 ;;;;
9/09/2020;S-05;C-06; $44,470.38 ;;;;
9/09/2020;S-06;C-02; $49,336.40 ;;;;
9/09/2020;S-06;C-03; $16,461.74 ;;;;
9/09/2020;S-06;C-05; $21,065.58 ;;;;
9/09/2020;S-08;C-02; $18,891.66 ;;;;
9/09/2020;S-10;C-07; $41,194.14 ;;;;
9/09/2020;S-13;C-05; $55,167.40 ;;;;
9/09/2020;S-14;C-04; $25,245.01 ;;;;
9/09/2020;S-14;C-05; $41,705.20 ;;;;
10/09/2020;S-01;C-01; $39,882.96 ;;;;
10/09/2020;S-03;C-03; $13,950.12 ;;;;
10/09/2020;S-10;C-02; $14,813.68 ;;;;
10/09/2020;S-13;C-03; $16,961.58 ;;;;
11/09/2020;S-04;C-07; $34,986.11 ;;;;
11/09/2020;S-05;C-06; $52,982.52 ;;;;
11/09/2020;S-06;C-01; $19,206.53 ;;;;
11/09/2020;S-06;C-04; $45,620.15 ;;;;
11/09/2020;S-12;C-03; $45,171.57 ;;;;
11/09/2020;S-14;C-07; $35,244.46 ;;;;
12/09/2020;S-01;C-02; $34,474.84 ;;;;
12/09/2020;S-05;C-04; $41,404.64 ;;;;
12/09/2020;S-09;C-05; $56,782.84 ;;;;
12/09/2020;S-14;C-02; $20,788.58 ;;;;
13/09/2020;S-01;C-06; $10,149.58 ;;;;
13/09/2020;S-02;C-06; $32,321.25 ;;;;
13/09/2020;S-05;C-03; $46,127.01 ;;;;
13/09/2020;S-05;C-07; $52,263.54 ;;;;
13/09/2020;S-06;C-06; $21,370.61 ;;;;
13/09/2020;S-07;C-02; $45,951.17 ;;;;
13/09/2020;S-07;C-03; $49,572.20 ;;;;
13/09/2020;S-07;C-04; $23,923.58 ;;;;
13/09/2020;S-10;C-02; $10,594.94 ;;;;
13/09/2020;S-10;C-06; $38,036.15 ;;;;
13/09/2020;S-11;C-05; $16,767.51 ;;;;
13/09/2020;S-12;C-02; $45,886.10 ;;;;
13/09/2020;S-12;C-05; $34,663.94 ;;;;
13/09/2020;S-13;C-01; $53,512.46 ;;;;
13/09/2020;S-13;C-02; $16,617.88 ;;;;
13/09/2020;S-13;C-03; $36,638.10 ;;;;
13/09/2020;S-14;C-03; $40,221.86 ;;;;
13/09/2020;S-14;C-04; $47,769.04 ;;;;
13/09/2020;S-14;C-07; $31,896.41 ;;;;
14/09/2020;S-09;C-05; $19,838.33 ;;;;
14/09/2020;S-14;C-06; $18,091.05 ;;;;
15/09/2020;S-06;C-02; $14,506.10 ;;;;
15/09/2020;S-07;C-06; $37,379.85 ;;;;
16/09/2020;S-12;C-06; $12,152.65 ;;;;
16/09/2020;S-14;C-05; $29,535.32 ;;;;
16/09/2020;S-15;C-02; $25,341.69 ;;;;
17/09/2020;S-13;C-01; $50,955.27 ;;;;
18/09/2020;S-01;C-06; $42,445.91 ;;;;
18/09/2020;S-05;C-02; $51,419.06 ;;;;
18/09/2020;S-09;C-04; $20,650.05 ;;;;
19/09/2020;S-01;C-07; $36,942.47 ;;;;
19/09/2020;S-02;C-04; $59,735.97 ;;;;
19/09/2020;S-02;C-05; $57,112.49 ;;;;
19/09/2020;S-02;C-06; $59,988.54 ;;;;
19/09/2020;S-03;C-06; $48,633.34 ;;;;
19/09/2020;S-06;C-05; $40,115.80 ;;;;
19/09/2020;S-06;C-06; $53,528.17 ;;;;
19/09/2020;S-08;C-01; $16,151.86 ;;;;
19/09/2020;S-09;C-03; $15,279.21 ;;;;
19/09/2020;S-09;C-04; $30,101.45 ;;;;
19/09/2020;S-10;C-01; $36,460.22 ;;;;
19/09/2020;S-11;C-01; $23,075.66 ;;;;
19/09/2020;S-12;C-01; $57,394.19 ;;;;
19/09/2020;S-14;C-01; $13,211.03 ;;;;
19/09/2020;S-15;C-07; $43,636.14 ;;;;
20/09/2020;S-10;C-01; $41,226.84 ;;;;
21/09/2020;S-03;C-05; $26,102.16 ;;;;
21/09/2020;S-12;C-07; $54,783.10 ;;;;
22/09/2020;S-08;C-05; $29,193.43 ;;;;
22/09/2020;S-14;C-02; $16,127.28 ;;;;
23/09/2020;S-08;C-01; $54,971.77 ;;;;
24/09/2020;S-08;C-04; $51,121.90 ;;;;
24/09/2020;S-09;C-01; $37,097.98 ;;;;
24/09/2020;S-10;C-05; $55,906.16 ;;;;
24/09/2020;S-10;C-06; $27,903.80 ;;;;
24/09/2020;S-14;C-06; $39,627.20 ;;;;
25/09/2020;S-03;C-01; $13,808.07 ;;;;
25/09/2020;S-03;C-04; $47,719.74 ;;;;
25/09/2020;S-06;C-06; $41,533.20 ;;;;
25/09/2020;S-09;C-02; $30,087.92 ;;;;
25/09/2020;S-10;C-02; $57,152.53 ;;;;
25/09/2020;S-11;C-05; $23,031.47 ;;;;
25/09/2020;S-14;C-06; $41,115.43 ;;;;
26/09/2020;S-01;C-04; $40,657.86 ;;;;
26/09/2020;S-02;C-05; $51,888.19 ;;;;
26/09/2020;S-02;C-06; $25,197.96 ;;;;
26/09/2020;S-04;C-07; $25,494.41 ;;;;
26/09/2020;S-06;C-06; $41,146.08 ;;;;
26/09/2020;S-08;C-06; $46,076.10 ;;;;
26/09/2020;S-09;C-05; $13,920.86 ;;;;
26/09/2020;S-10;C-06; $31,523.47 ;;;;
26/09/2020;S-10;C-07; $17,835.89 ;;;;
26/09/2020;S-11;C-05; $29,390.47 ;;;;
26/09/2020;S-12;C-03; $58,800.86 ;;;;
26/09/2020;S-15;C-03; $11,076.68 ;;;;
27/09/2020;S-09;C-03; $59,778.74 ;;;;
28/09/2020;S-01;C-06; $57,114.29 ;;;;
28/09/2020;S-01;C-07; $46,492.91 ;;;;
28/09/2020;S-02;C-01; $53,002.25 ;;;;
28/09/2020;S-02;C-03; $39,687.94 ;;;;
28/09/2020;S-03;C-01; $59,432.46 ;;;;
28/09/2020;S-03;C-06; $56,731.90 ;;;;
28/09/2020;S-04;C-05; $44,914.05 ;;;;
28/09/2020;S-04;C-06; $12,787.29 ;;;;
28/09/2020;S-06;C-02; $54,167.85 ;;;;
28/09/2020;S-06;C-03; $10,396.66 ;;;;
28/09/2020;S-07;C-05; $40,094.78 ;;;;
28/09/2020;S-08;C-07; $30,078.49 ;;;;
28/09/2020;S-09;C-04; $42,290.44 ;;;;
28/09/2020;S-10;C-01; $42,008.52 ;;;;
28/09/2020;S-10;C-07; $35,212.06 ;;;;
28/09/2020;S-11;C-06; $58,809.44 ;;;;
28/09/2020;S-13;C-01; $59,518.29 ;;;;
28/09/2020;S-15;C-01; $13,733.03 ;;;;
29/09/2020;S-01;C-07; $15,988.41 ;;;;
29/09/2020;S-03;C-04; $45,987.31 ;;;;
29/09/2020;S-03;C-06; $18,260.18 ;;;;
29/09/2020;S-07;C-06; $10,024.52 ;;;;
29/09/2020;S-10;C-02; $53,910.77 ;;;;
29/09/2020;S-12;C-02; $58,242.74 ;;;;
29/09/2020;S-13;C-03; $35,014.72 ;;;;
29/09/2020;S-13;C-06; $46,928.87 ;;;;
29/09/2020;S-15;C-04; $11,432.49 ;;;;
30/09/2020;S-01;C-06; $34,185.07 ;;;;
30/09/2020;S-13;C-01; $57,792.21 ;;;;
30/09/2020;S-13;C-07; $52,803.73 ;;;;
30/09/2020;S-15;C-05; $46,783.72 ;;;;
1/10/2020;S-02;C-03; $25,867.07 ;;;;
1/10/2020;S-10;C-02; $37,662.53 ;;;;
2/10/2020;S-01;C-01; $44,906.70 ;;;;
2/10/2020;S-01;C-06; $12,308.36 ;;;;
2/10/2020;S-04;C-03; $22,972.17 ;;;;
3/10/2020;S-02;C-07; $15,385.77 ;;;;
3/10/2020;S-08;C-06; $15,623.41 ;;;;
4/10/2020;S-15;C-05; $53,858.67 ;;;;
5/10/2020;S-14;C-07; $29,747.99 ;;;;
6/10/2020;S-04;C-07; $16,471.63 ;;;;
6/10/2020;S-11;C-03; $10,923.15 ;;;;
7/10/2020;S-01;C-02; $36,720.16 ;;;;
7/10/2020;S-04;C-04; $30,677.48 ;;;;
7/10/2020;S-04;C-07; $36,461.24 ;;;;
8/10/2020;S-03;C-02; $54,855.74 ;;;;
8/10/2020;S-07;C-01; $21,262.79 ;;;;
8/10/2020;S-10;C-05; $29,175.74 ;;;;
8/10/2020;S-11;C-03; $51,496.20 ;;;;
9/10/2020;S-02;C-07; $23,047.59 ;;;;
9/10/2020;S-04;C-02; $46,158.43 ;;;;
9/10/2020;S-06;C-03; $13,354.30 ;;;;
10/10/2020;S-06;C-01; $38,357.40 ;;;;
11/10/2020;S-02;C-07; $48,936.66 ;;;;
11/10/2020;S-03;C-04; $48,106.26 ;;;;
11/10/2020;S-04;C-02; $12,787.36 ;;;;
11/10/2020;S-07;C-03; $10,320.75 ;;;;
12/10/2020;S-01;C-02; $51,166.41 ;;;;
12/10/2020;S-10;C-03; $29,667.90 ;;;;
12/10/2020;S-11;C-02; $23,797.98 ;;;;
12/10/2020;S-11;C-05; $37,851.28 ;;;;
13/10/2020;S-07;C-06; $54,293.86 ;;;;
14/10/2020;S-02;C-06; $10,082.59 ;;;;
15/10/2020;S-01;C-01; $45,043.04 ;;;;
15/10/2020;S-04;C-04; $44,281.66 ;;;;
16/10/2020;S-13;C-04; $36,847.33 ;;;;
17/10/2020;S-01;C-04; $30,658.66 ;;;;
17/10/2020;S-02;C-06; $12,140.09 ;;;;
17/10/2020;S-09;C-02; $10,768.99 ;;;;
18/10/2020;S-03;C-06; $49,373.76 ;;;;
19/10/2020;S-01;C-07; $27,537.32 ;;;;
19/10/2020;S-10;C-03; $21,539.25 ;;;;
20/10/2020;S-02;C-01; $33,498.93 ;;;;
20/10/2020;S-04;C-04; $35,074.46 ;;;;
20/10/2020;S-09;C-01; $46,080.24 ;;;;
20/10/2020;S-13;C-02; $48,209.60 ;;;;
20/10/2020;S-13;C-04; $26,199.62 ;;;;
20/10/2020;S-15;C-04; $27,261.41 ;;;;
21/10/2020;S-04;C-02; $10,028.46 ;;;;
21/10/2020;S-08;C-03; $42,390.10 ;;;;
21/10/2020;S-08;C-05; $10,181.21 ;;;;
21/10/2020;S-09;C-01; $51,504.61 ;;;;
21/10/2020;S-10;C-03; $37,929.61 ;;;;
21/10/2020;S-12;C-06; $29,320.01 ;;;;
22/10/2020;S-03;C-02; $27,239.62 ;;;;
22/10/2020;S-14;C-03; $55,932.18 ;;;;
23/10/2020;S-07;C-02; $49,671.17 ;;;;
23/10/2020;S-11;C-07; $36,307.10 ;;;;
23/10/2020;S-15;C-03; $58,966.28 ;;;;
24/10/2020;S-02;C-01; $56,641.63 ;;;;
24/10/2020;S-04;C-04; $58,112.06 ;;;;
24/10/2020;S-09;C-05; $28,128.48 ;;;;
24/10/2020;S-10;C-03; $16,611.37 ;;;;
24/10/2020;S-12;C-01; $48,377.20 ;;;;
24/10/2020;S-13;C-07; $17,016.68 ;;;;
24/10/2020;S-15;C-03; $26,529.93 ;;;;
25/10/2020;S-01;C-03; $49,356.25 ;;;;
25/10/2020;S-03;C-03; $56,356.70 ;;;;
25/10/2020;S-04;C-02; $18,219.14 ;;;;
25/10/2020;S-04;C-03; $36,260.61 ;;;;
25/10/2020;S-04;C-04; $58,634.98 ;;;;
25/10/2020;S-04;C-07; $39,594.68 ;;;;
25/10/2020;S-08;C-07; $19,777.44 ;;;;
25/10/2020;S-10;C-07; $24,731.89 ;;;;
25/10/2020;S-13;C-05; $26,370.75 ;;;;
25/10/2020;S-13;C-06; $48,538.57 ;;;;
26/10/2020;S-01;C-01; $28,429.89 ;;;;
26/10/2020;S-04;C-07; $55,809.59 ;;;;
26/10/2020;S-06;C-04; $52,990.14 ;;;;
26/10/2020;S-07;C-06; $12,034.81 ;;;;
26/10/2020;S-10;C-04; $39,075.79 ;;;;
26/10/2020;S-10;C-05; $25,371.39 ;;;;
26/10/2020;S-13;C-04; $29,809.46 ;;;;
26/10/2020;S-13;C-06; $48,166.81 ;;;;
27/10/2020;S-01;C-04; $43,773.31 ;;;;
27/10/2020;S-07;C-05; $57,556.74 ;;;;
28/10/2020;S-06;C-02; $26,312.75 ;;;;
28/10/2020;S-07;C-07; $10,574.58 ;;;;
29/10/2020;S-08;C-05; $17,762.70 ;;;;
30/10/2020;S-13;C-05; $51,413.58 ;;;;
31/10/2020;S-05;C-05; $36,381.22 ;;;;
31/10/2020;S-06;C-02; $20,453.92 ;;;;
31/10/2020;S-08;C-07; $52,730.46 ;;;;
31/10/2020;S-09;C-03; $17,281.15 ;;;;
1/11/2020;S-03;C-02; $22,140.20 ;;;;
2/11/2020;S-09;C-06; $30,598.48 ;;;;
3/11/2020;S-01;C-05; $13,773.35 ;;;;
3/11/2020;S-08;C-06; $56,209.00 ;;;;
3/11/2020;S-10;C-06; $50,993.46 ;;;;
3/11/2020;S-11;C-01; $21,204.19 ;;;;
3/11/2020;S-13;C-07; $31,466.45 ;;;;
4/11/2020;S-02;C-01; $20,535.13 ;;;;
5/11/2020;S-13;C-03; $35,694.91 ;;;;
6/11/2020;S-01;C-07; $25,960.26 ;;;;
6/11/2020;S-03;C-02; $28,224.15 ;;;;
6/11/2020;S-07;C-07; $12,744.78 ;;;;
6/11/2020;S-09;C-01; $21,321.42 ;;;;
6/11/2020;S-10;C-06; $34,942.23 ;;;;
6/11/2020;S-11;C-01; $32,567.61 ;;;;
7/11/2020;S-03;C-02; $44,124.27 ;;;;
7/11/2020;S-08;C-07; $46,106.14 ;;;;
7/11/2020;S-15;C-02; $26,083.97 ;;;;
8/11/2020;S-01;C-02; $10,523.07 ;;;;
8/11/2020;S-05;C-01; $38,179.22 ;;;;
8/11/2020;S-06;C-03; $54,520.37 ;;;;
8/11/2020;S-08;C-04; $14,895.42 ;;;;
8/11/2020;S-09;C-03; $32,240.18 ;;;;
8/11/2020;S-09;C-05; $46,286.89 ;;;;
8/11/2020;S-10;C-01; $40,408.09 ;;;;
8/11/2020;S-13;C-04; $19,618.79 ;;;;
8/11/2020;S-14;C-06; $38,535.63 ;;;;
8/11/2020;S-15;C-02; $52,060.84 ;;;;
9/11/2020;S-13;C-06; $48,291.64 ;;;;
9/11/2020;S-15;C-01; $13,666.00 ;;;;
10/11/2020;S-05;C-06; $36,157.57 ;;;;
11/11/2020;S-02;C-05; $41,713.78 ;;;;
11/11/2020;S-09;C-07; $30,900.06 ;;;;
11/11/2020;S-12;C-05; $19,536.88 ;;;;
12/11/2020;S-02;C-05; $58,957.43 ;;;;
12/11/2020;S-03;C-01; $20,619.90 ;;;;
12/11/2020;S-09;C-01; $17,047.60 ;;;;
13/11/2020;S-05;C-02; $53,845.55 ;;;;
13/11/2020;S-07;C-03; $28,971.36 ;;;;
13/11/2020;S-07;C-07; $55,717.00 ;;;;
13/11/2020;S-09;C-07; $53,681.91 ;;;;
13/11/2020;S-12;C-06; $36,467.66 ;;;;
14/11/2020;S-04;C-05; $21,497.56 ;;;;
14/11/2020;S-05;C-04; $22,192.96 ;;;;
14/11/2020;S-07;C-04; $52,830.22 ;;;;
14/11/2020;S-07;C-07; $40,249.57 ;;;;
14/11/2020;S-10;C-07; $55,367.83 ;;;;
14/11/2020;S-14;C-02; $41,380.29 ;;;;
14/11/2020;S-14;C-03; $55,052.62 ;;;;
14/11/2020;S-15;C-01; $10,916.83 ;;;;
15/11/2020;S-02;C-04; $22,541.07 ;;;;
15/11/2020;S-04;C-02; $48,486.96 ;;;;
15/11/2020;S-06;C-03; $20,915.77 ;;;;
15/11/2020;S-10;C-07; $18,077.90 ;;;;
15/11/2020;S-11;C-06; $49,246.95 ;;;;
15/11/2020;S-13;C-04; $32,810.29 ;;;;
16/11/2020;S-06;C-02; $18,987.87 ;;;;
17/11/2020;S-14;C-03; $57,230.27 ;;;;
18/11/2020;S-01;C-05; $36,675.34 ;;;;
18/11/2020;S-05;C-06; $14,953.21 ;;;;
18/11/2020;S-08;C-01; $42,219.85 ;;;;
18/11/2020;S-11;C-02; $46,364.45 ;;;;
19/11/2020;S-09;C-04; $17,226.21 ;;;;
19/11/2020;S-10;C-05; $19,736.99 ;;;;
19/11/2020;S-14;C-03; $20,914.64 ;;;;
20/11/2020;S-01;C-03; $56,892.72 ;;;;
20/11/2020;S-05;C-01; $28,258.77 ;;;;
20/11/2020;S-06;C-06; $59,999.78 ;;;;
20/11/2020;S-09;C-03; $43,173.49 ;;;;
20/11/2020;S-12;C-02; $34,177.29 ;;;;
20/11/2020;S-13;C-05; $25,650.53 ;;;;
20/11/2020;S-15;C-05; $35,155.21 ;;;;
21/11/2020;S-03;C-05; $37,073.41 ;;;;
21/11/2020;S-04;C-01; $13,615.58 ;;;;
21/11/2020;S-04;C-06; $34,625.43 ;;;;
21/11/2020;S-13;C-04; $24,170.30 ;;;;
22/11/2020;S-03;C-03; $19,492.41 ;;;;
22/11/2020;S-05;C-04; $18,226.39 ;;;;
22/11/2020;S-08;C-02; $16,145.97 ;;;;
22/11/2020;S-11;C-07; $14,047.82 ;;;;
22/11/2020;S-13;C-01; $10,731.42 ;;;;
22/11/2020;S-13;C-03; $52,734.45 ;;;;
22/11/2020;S-14;C-07; $34,676.20 ;;;;
22/11/2020;S-15;C-04; $49,806.16 ;;;;
23/11/2020;S-06;C-05; $16,210.11 ;;;;
23/11/2020;S-08;C-03; $28,980.32 ;;;;
24/11/2020;S-01;C-01; $44,523.35 ;;;;
24/11/2020;S-01;C-04; $23,305.35 ;;;;
24/11/2020;S-02;C-01; $10,177.29 ;;;;
24/11/2020;S-04;C-05; $47,422.83 ;;;;
24/11/2020;S-06;C-01; $19,617.37 ;;;;
24/11/2020;S-06;C-05; $47,737.43 ;;;;
24/11/2020;S-09;C-04; $29,265.82 ;;;;
24/11/2020;S-09;C-05; $34,088.45 ;;;;
24/11/2020;S-09;C-06; $21,612.36 ;;;;
24/11/2020;S-14;C-01; $45,359.75 ;;;;
24/11/2020;S-15;C-02; $51,947.94 ;;;;
25/11/2020;S-10;C-03; $19,603.29 ;;;;
26/11/2020;S-01;C-02; $38,543.00 ;;;;
26/11/2020;S-06;C-03; $49,487.84 ;;;;
26/11/2020;S-07;C-01; $25,494.20 ;;;;
26/11/2020;S-07;C-06; $45,061.77 ;;;;
26/11/2020;S-09;C-05; $43,356.44 ;;;;
26/11/2020;S-09;C-07; $34,598.18 ;;;;
26/11/2020;S-10;C-06; $32,463.27 ;;;;
26/11/2020;S-11;C-02; $45,970.19 ;;;;
26/11/2020;S-12;C-02; $34,123.33 ;;;;
27/11/2020;S-06;C-05; $21,446.59 ;;;;
27/11/2020;S-11;C-01; $16,548.64 ;;;;
27/11/2020;S-14;C-03; $24,736.95 ;;;;
27/11/2020;S-14;C-05; $29,653.62 ;;;;
27/11/2020;S-15;C-03; $28,146.53 ;;;;
28/11/2020;S-14;C-04; $19,810.65 ;;;;
29/11/2020;S-01;C-03; $43,257.98 ;;;;
29/11/2020;S-07;C-04; $33,669.42 ;;;;
30/11/2020;S-02;C-02; $17,660.46 ;;;;
1/12/2020;S-02;C-04; $48,677.08 ;;;;
2/12/2020;S-02;C-01; $57,335.91 ;;;;
2/12/2020;S-04;C-02; $18,358.96 ;;;;
2/12/2020;S-08;C-03; $59,955.20 ;;;;
2/12/2020;S-11;C-07; $22,086.95 ;;;;
2/12/2020;S-12;C-06; $47,614.21 ;;;;
2/12/2020;S-13;C-05; $38,244.52 ;;;;
3/12/2020;S-15;C-01; $46,418.00 ;;;;
4/12/2020;S-03;C-05; $22,856.03 ;;;;
4/12/2020;S-04;C-06; $51,851.79 ;;;;
4/12/2020;S-09;C-03; $45,456.73 ;;;;
4/12/2020;S-15;C-02; $44,129.89 ;;;;
5/12/2020;S-13;C-07; $59,129.99 ;;;;
6/12/2020;S-07;C-05; $33,130.55 ;;;;
6/12/2020;S-13;C-01; $52,933.57 ;;;;
6/12/2020;S-13;C-06; $50,256.00 ;;;;
7/12/2020;S-09;C-03; $14,540.36 ;;;;
7/12/2020;S-09;C-07; $20,246.88 ;;;;
7/12/2020;S-13;C-01; $19,865.43 ;;;;
8/12/2020;S-05;C-04; $12,701.05 ;;;;
8/12/2020;S-07;C-07; $14,322.25 ;;;;
8/12/2020;S-08;C-06; $55,043.79 ;;;;
9/12/2020;S-01;C-06; $11,194.88 ;;;;
9/12/2020;S-04;C-03; $11,040.04 ;;;;
10/12/2020;S-06;C-03; $54,847.14 ;;;;
10/12/2020;S-06;C-07; $21,212.21 ;;;;
10/12/2020;S-11;C-01; $47,864.89 ;;;;
11/12/2020;S-01;C-04; $25,002.92 ;;;;
12/12/2020;S-02;C-02; $17,515.41 ;;;;
12/12/2020;S-02;C-07; $51,168.36 ;;;;
12/12/2020;S-05;C-06; $50,724.07 ;;;;
12/12/2020;S-07;C-04; $14,318.79 ;;;;
12/12/2020;S-08;C-02; $51,777.68 ;;;;
12/12/2020;S-12;C-06; $36,551.66 ;;;;
13/12/2020;S-07;C-01; $29,583.60 ;;;;
13/12/2020;S-15;C-01; $11,978.60 ;;;;
14/12/2020;S-02;C-02; $38,262.87 ;;;;
14/12/2020;S-05;C-07; $23,394.84 ;;;;
14/12/2020;S-08;C-04; $15,118.51 ;;;;
14/12/2020;S-15;C-07; $32,837.14 ;;;;
15/12/2020;S-07;C-04; $38,130.70 ;;;;
16/12/2020;S-15;C-04; $54,767.90 ;;;;
17/12/2020;S-02;C-04; $48,335.01 ;;;;
17/12/2020;S-06;C-05; $27,668.40 ;;;;
17/12/2020;S-06;C-07; $17,334.64 ;;;;
17/12/2020;S-09;C-02; $14,302.79 ;;;;
18/12/2020;S-02;C-04; $58,286.76 ;;;;
18/12/2020;S-04;C-02; $56,740.57 ;;;;
18/12/2020;S-05;C-02; $38,102.00 ;;;;
18/12/2020;S-08;C-05; $17,900.74 ;;;;
19/12/2020;S-04;C-04; $50,429.22 ;;;;
20/12/2020;S-10;C-05; $54,576.48 ;;;;
21/12/2020;S-03;C-03; $11,142.76 ;;;;
22/12/2020;S-05;C-03; $31,402.89 ;;;;
23/12/2020;S-07;C-01; $43,790.97 ;;;;
23/12/2020;S-10;C-05; $23,466.46 ;;;;
23/12/2020;S-13;C-01; $23,134.33 ;;;;
24/12/2020;S-01;C-01; $43,486.30 ;;;;
24/12/2020;S-01;C-02; $40,051.38 ;;;;
24/12/2020;S-05;C-02; $49,747.61 ;;;;
24/12/2020;S-05;C-03; $39,376.33 ;;;;
24/12/2020;S-05;C-06; $19,272.67 ;;;;
24/12/2020;S-12;C-02; $31,141.76 ;;;;
24/12/2020;S-14;C-06; $44,133.86 ;;;;
24/12/2020;S-15;C-06; $24,675.41 ;;;;
25/12/2020;S-02;C-07; $11,819.92 ;;;;
25/12/2020;S-03;C-06; $29,684.57 ;;;;
25/12/2020;S-05;C-01; $43,202.92 ;;;;
25/12/2020;S-07;C-03; $31,290.03 ;;;;
25/12/2020;S-09;C-04; $10,381.78 ;;;;
25/12/2020;S-10;C-03; $21,003.78 ;;;;
25/12/2020;S-10;C-06; $23,012.11 ;;;;
26/12/2020;S-07;C-04; $32,786.52 ;;;;
26/12/2020;S-08;C-02; $53,404.52 ;;;;
26/12/2020;S-09;C-01; $10,492.75 ;;;;
26/12/2020;S-11;C-07; $56,109.98 ;;;;
26/12/2020;S-14;C-03; $11,059.65 ;;;;
26/12/2020;S-15;C-07; $17,463.54 ;;;;
27/12/2020;S-03;C-02; $23,736.79 ;;;;
27/12/2020;S-07;C-05; $49,849.33 ;;;;
27/12/2020;S-08;C-03; $27,721.03 ;;;;
27/12/2020;S-10;C-04; $28,397.47 ;;;;
27/12/2020;S-10;C-05; $56,929.06 ;;;;
27/12/2020;S-14;C-07; $13,702.21 ;;;;
27/12/2020;S-15;C-05; $10,659.80 ;;;;
28/12/2020;S-03;C-02; $31,539.20 ;;;;
28/12/2020;S-06;C-07; $34,952.03 ;;;;
28/12/2020;S-07;C-01; $53,317.64 ;;;;
28/12/2020;S-09;C-01; $36,149.90 ;;;;
28/12/2020;S-09;C-05; $13,536.11 ;;;;
28/12/2020;S-09;C-07; $53,314.99 ;;;;
29/12/2020;S-01;C-03; $12,346.75 ;;;;
29/12/2020;S-03;C-06; $16,280.03 ;;;;
29/12/2020;S-06;C-05; $30,298.27 ;;;;
29/12/2020;S-09;C-04; $58,101.25 ;;;;
29/12/2020;S-09;C-06; $46,473.95 ;;;;
29/12/2020;S-14;C-06; $17,488.24 ;;;;
30/12/2020;S-13;C-06; $31,149.27 ;;;;
30/12/2020;S-15;C-07; $59,060.69 ;;;;
31/12/2020;S-08;C-01; $52,417.69 ;;;;
1/01/2021;S-01;C-02; $39,446.24 ;;;;
1/01/2021;S-05;C-01; $12,673.56 ;;;;
1/01/2021;S-10;C-06; $24,944.10 ;;;;
2/01/2021;S-02;C-01; $43,135.24 ;;;;
2/01/2021;S-03;C-07; $47,093.21 ;;;;
2/01/2021;S-06;C-04; $52,625.04 ;;;;
2/01/2021;S-12;C-04; $27,259.53 ;;;;
2/01/2021;S-15;C-06; $27,077.85 ;;;;
3/01/2021;S-03;C-05; $36,859.74 ;;;;
3/01/2021;S-04;C-03; $19,727.93 ;;;;
3/01/2021;S-05;C-05; $51,860.77 ;;;;
3/01/2021;S-06;C-02; $23,062.53 ;;;;
3/01/2021;S-11;C-07; $50,330.16 ;;;;
3/01/2021;S-13;C-01; $43,259.39 ;;;;
3/01/2021;S-15;C-01; $52,514.11 ;;;;
4/01/2021;S-14;C-05; $23,966.21 ;;;;
4/01/2021;S-15;C-02; $12,674.29 ;;;;
5/01/2021;S-04;C-05; $36,729.98 ;;;;
6/01/2021;S-05;C-02; $47,682.76 ;;;;
6/01/2021;S-07;C-01; $47,088.60 ;;;;
6/01/2021;S-08;C-01; $59,576.59 ;;;;
6/01/2021;S-10;C-05; $16,996.44 ;;;;
7/01/2021;S-01;C-06; $40,862.19 ;;;;
7/01/2021;S-04;C-03; $10,369.20 ;;;;
8/01/2021;S-02;C-05; $29,408.02 ;;;;
8/01/2021;S-08;C-03; $10,469.53 ;;;;
8/01/2021;S-09;C-04; $26,497.06 ;;;;
8/01/2021;S-10;C-05; $13,734.97 ;;;;
8/01/2021;S-13;C-06; $57,071.02 ;;;;
9/01/2021;S-13;C-01; $38,485.27 ;;;;
9/01/2021;S-14;C-01; $42,187.67 ;;;;
10/01/2021;S-03;C-04; $33,904.48 ;;;;
11/01/2021;S-01;C-02; $17,589.05 ;;;;
12/01/2021;S-03;C-05; $13,618.92 ;;;;
12/01/2021;S-08;C-02; $29,765.47 ;;;;
13/01/2021;S-04;C-03; $53,249.93 ;;;;
13/01/2021;S-07;C-06; $10,674.36 ;;;;
13/01/2021;S-07;C-07; $18,074.13 ;;;;
13/01/2021;S-10;C-03; $30,253.92 ;;;;
13/01/2021;S-11;C-06; $35,140.06 ;;;;
13/01/2021;S-14;C-04; $20,861.44 ;;;;
14/01/2021;S-05;C-05; $19,635.72 ;;;;
15/01/2021;S-01;C-06; $27,236.01 ;;;;
16/01/2021;S-01;C-03; $43,324.37 ;;;;
16/01/2021;S-04;C-04; $35,432.45 ;;;;
16/01/2021;S-05;C-07; $11,770.04 ;;;;
16/01/2021;S-08;C-01; $50,333.48 ;;;;
16/01/2021;S-14;C-02; $31,928.73 ;;;;
17/01/2021;S-06;C-06; $57,918.37 ;;;;
18/01/2021;S-03;C-04; $39,642.57 ;;;;
18/01/2021;S-08;C-04; $33,236.81 ;;;;
18/01/2021;S-09;C-06; $27,041.93 ;;;;
18/01/2021;S-11;C-02; $23,584.87 ;;;;
18/01/2021;S-12;C-07; $28,130.50 ;;;;
19/01/2021;S-04;C-04; $17,084.62 ;;;;
19/01/2021;S-11;C-04; $31,367.46 ;;;;
19/01/2021;S-12;C-02; $54,023.50 ;;;;
19/01/2021;S-15;C-05; $45,474.95 ;;;;
20/01/2021;S-04;C-07; $52,982.83 ;;;;
20/01/2021;S-06;C-04; $22,077.21 ;;;;
20/01/2021;S-07;C-07; $50,446.91 ;;;;
20/01/2021;S-10;C-05; $24,221.20 ;;;;
20/01/2021;S-10;C-07; $27,001.89 ;;;;
20/01/2021;S-12;C-02; $36,838.78 ;;;;
20/01/2021;S-14;C-01; $48,722.18 ;;;;
20/01/2021;S-15;C-03; $59,104.18 ;;;;
21/01/2021;S-07;C-04; $31,326.74 ;;;;
22/01/2021;S-07;C-07; $38,477.49 ;;;;
22/01/2021;S-08;C-06; $36,651.51 ;;;;
22/01/2021;S-11;C-05; $33,845.36 ;;;;
23/01/2021;S-03;C-02; $12,175.89 ;;;;
23/01/2021;S-04;C-06; $13,940.97 ;;;;
23/01/2021;S-11;C-01; $32,437.01 ;;;;
23/01/2021;S-13;C-02; $33,493.57 ;;;;
23/01/2021;S-13;C-04; $40,382.55 ;;;;
24/01/2021;S-05;C-05; $35,629.16 ;;;;
24/01/2021;S-08;C-03; $19,907.48 ;;;;
24/01/2021;S-14;C-02; $22,952.37 ;;;;
24/01/2021;S-14;C-04; $45,840.32 ;;;;
25/01/2021;S-01;C-05; $54,386.22 ;;;;
25/01/2021;S-03;C-07; $49,669.47 ;;;;
25/01/2021;S-05;C-07; $33,653.74 ;;;;
25/01/2021;S-07;C-03; $26,557.10 ;;;;
25/01/2021;S-08;C-06; $32,685.45 ;;;;
25/01/2021;S-11;C-01; $11,656.22 ;;;;
25/01/2021;S-14;C-01; $35,842.25 ;;;;
25/01/2021;S-15;C-02; $36,672.50 ;;;;
26/01/2021;S-13;C-01; $36,243.66 ;;;;
27/01/2021;S-02;C-04; $47,126.97 ;;;;
27/01/2021;S-03;C-04; $26,850.45 ;;;;
27/01/2021;S-08;C-04; $47,420.60 ;;;;
27/01/2021;S-14;C-04; $58,573.07 ;;;;
28/01/2021;S-04;C-02; $18,830.94 ;;;;
28/01/2021;S-07;C-06; $34,280.80 ;;;;
28/01/2021;S-07;C-07; $57,640.17 ;;;;
28/01/2021;S-14;C-07; $30,276.39 ;;;;
29/01/2021;S-01;C-05; $17,516.76 ;;;;
29/01/2021;S-08;C-05; $44,391.46 ;;;;
29/01/2021;S-10;C-06; $57,202.70 ;;;;
30/01/2021;S-02;C-07; $38,186.26 ;;;;
30/01/2021;S-03;C-03; $42,217.54 ;;;;
30/01/2021;S-04;C-03; $28,211.17 ;;;;
30/01/2021;S-08;C-05; $45,943.43 ;;;;
30/01/2021;S-08;C-07; $53,110.11 ;;;;
30/01/2021;S-09;C-01; $41,815.58 ;;;;
30/01/2021;S-09;C-03; $14,757.25 ;;;;
30/01/2021;S-10;C-02; $12,400.58 ;;;;
30/01/2021;S-11;C-04; $27,268.41 ;;;;
30/01/2021;S-13;C-03; $57,592.61 ;;;;
31/01/2021;S-01;C-02; $34,056.69 ;;;;
31/01/2021;S-05;C-07; $30,627.52 ;;;;
31/01/2021;S-09;C-01; $40,617.42 ;;;;
31/01/2021;S-10;C-05; $19,843.67 ;;;;
1/02/2021;S-03;C-03; $59,642.60 ;;;;
1/02/2021;S-03;C-05; $15,300.35 ;;;;
1/02/2021;S-04;C-04; $40,065.19 ;;;;
1/02/2021;S-10;C-07; $47,178.31 ;;;;
1/02/2021;S-14;C-06; $45,373.16 ;;;;
2/02/2021;S-15;C-06; $35,894.91 ;;;;
3/02/2021;S-06;C-05; $35,052.65 ;;;;
3/02/2021;S-13;C-07; $29,805.87 ;;;;
4/02/2021;S-01;C-06; $17,891.84 ;;;;
4/02/2021;S-02;C-04; $16,039.09 ;;;;
5/02/2021;S-10;C-06; $39,009.65 ;;;;
6/02/2021;S-15;C-06; $51,761.53 ;;;;
7/02/2021;S-01;C-01; $16,087.82 ;;;;
7/02/2021;S-01;C-05; $58,686.31 ;;;;
7/02/2021;S-10;C-04; $44,621.73 ;;;;
7/02/2021;S-10;C-07; $28,561.09 ;;;;
7/02/2021;S-11;C-04; $28,407.88 ;;;;
8/02/2021;S-15;C-03; $19,313.41 ;;;;
9/02/2021;S-03;C-01; $29,352.75 ;;;;
10/02/2021;S-06;C-07; $16,452.37 ;;;;
10/02/2021;S-07;C-07; $48,656.41 ;;;;
10/02/2021;S-14;C-04; $53,872.98 ;;;;
11/02/2021;S-02;C-01; $15,581.73 ;;;;
12/02/2021;S-07;C-07; $39,948.58 ;;;;
12/02/2021;S-08;C-01; $55,719.50 ;;;;
12/02/2021;S-08;C-05; $52,496.22 ;;;;
12/02/2021;S-15;C-02; $27,143.02 ;;;;
13/02/2021;S-08;C-07; $59,889.54 ;;;;
13/02/2021;S-11;C-03; $53,972.99 ;;;;
14/02/2021;S-12;C-01; $52,284.34 ;;;;
15/02/2021;S-01;C-01; $39,236.09 ;;;;
15/02/2021;S-09;C-01; $15,285.35 ;;;;
15/02/2021;S-10;C-07; $41,292.83 ;;;;
15/02/2021;S-13;C-02; $39,806.15 ;;;;
15/02/2021;S-14;C-06; $48,289.95 ;;;;
16/02/2021;S-15;C-07; $59,232.35 ;;;;
17/02/2021;S-03;C-07; $19,348.89 ;;;;
17/02/2021;S-11;C-07; $38,831.35 ;;;;
18/02/2021;S-02;C-05; $25,167.82 ;;;;
18/02/2021;S-05;C-07; $58,524.92 ;;;;
19/02/2021;S-02;C-03; $13,600.03 ;;;;
19/02/2021;S-13;C-01; $31,757.07 ;;;;
19/02/2021;S-15;C-07; $44,267.20 ;;;;
20/02/2021;S-01;C-06; $12,466.52 ;;;;
20/02/2021;S-04;C-03; $59,433.54 ;;;;
20/02/2021;S-11;C-04; $50,175.83 ;;;;
20/02/2021;S-12;C-06; $19,153.05 ;;;;
20/02/2021;S-12;C-07; $33,891.42 ;;;;
20/02/2021;S-13;C-04; $30,858.54 ;;;;
20/02/2021;S-14;C-01; $57,856.03 ;;;;
21/02/2021;S-05;C-07; $23,955.79 ;;;;
21/02/2021;S-09;C-07; $31,123.74 ;;;;
21/02/2021;S-12;C-03; $37,134.46 ;;;;
21/02/2021;S-13;C-03; $21,374.26 ;;;;
21/02/2021;S-15;C-02; $47,085.77 ;;;;
21/02/2021;S-15;C-05; $36,326.12 ;;;;
22/02/2021;S-09;C-06; $54,677.12 ;;;;
23/02/2021;S-01;C-05; $34,336.07 ;;;;
23/02/2021;S-02;C-01; $21,854.94 ;;;;
23/02/2021;S-03;C-02; $51,959.10 ;;;;
23/02/2021;S-08;C-05; $39,883.92 ;;;;
23/02/2021;S-12;C-02; $43,551.82 ;;;;
24/02/2021;S-02;C-01; $49,556.93 ;;;;
24/02/2021;S-02;C-05; $31,797.23 ;;;;
24/02/2021;S-03;C-01; $49,551.84 ;;;;
24/02/2021;S-03;C-02; $36,835.84 ;;;;
24/02/2021;S-04;C-01; $34,040.08 ;;;;
24/02/2021;S-04;C-02; $28,296.05 ;;;;
24/02/2021;S-05;C-06; $18,848.53 ;;;;
24/02/2021;S-06;C-02; $15,317.19 ;;;;
24/02/2021;S-06;C-06; $53,176.74 ;;;;
24/02/2021;S-07;C-05; $32,879.04 ;;;;
24/02/2021;S-08;C-02; $46,625.39 ;;;;
24/02/2021;S-08;C-03; $47,457.30 ;;;;
24/02/2021;S-08;C-05; $55,445.70 ;;;;
24/02/2021;S-10;C-01; $56,698.71 ;;;;
24/02/2021;S-12;C-04; $38,465.51 ;;;;
24/02/2021;S-12;C-06; $46,947.67 ;;;;
24/02/2021;S-13;C-04; $23,612.25 ;;;;
24/02/2021;S-13;C-05; $45,449.42 ;;;;
24/02/2021;S-14;C-06; $47,483.56 ;;;;
24/02/2021;S-15;C-04; $21,356.46 ;;;;
25/02/2021;S-04;C-02; $44,326.80 ;;;;
26/02/2021;S-02;C-06; $53,489.60 ;;;;
26/02/2021;S-03;C-02; $48,271.81 ;;;;
26/02/2021;S-05;C-05; $33,851.28 ;;;;
26/02/2021;S-07;C-01; $49,585.70 ;;;;
26/02/2021;S-07;C-03; $47,012.77 ;;;;
26/02/2021;S-07;C-04; $24,725.53 ;;;;
26/02/2021;S-10;C-02; $37,786.68 ;;;;
26/02/2021;S-13;C-07; $48,667.58 ;;;;
26/02/2021;S-14;C-01; $24,160.31 ;;;;
27/02/2021;S-09;C-06; $19,747.57 ;;;;
28/02/2021;S-12;C-04; $20,591.93 ;;;;
1/03/2021;S-13;C-05; $57,007.11 ;;;;
2/03/2021;S-01;C-06; $50,286.11 ;;;;
2/03/2021;S-03;C-03; $31,035.82 ;;;;
2/03/2021;S-06;C-01; $58,945.88 ;;;;
3/03/2021;S-04;C-06; $56,694.55 ;;;;
3/03/2021;S-14;C-01; $50,219.15 ;;;;
4/03/2021;S-04;C-04; $53,316.21 ;;;;
4/03/2021;S-08;C-03; $37,550.57 ;;;;
4/03/2021;S-14;C-01; $23,224.48 ;;;;
5/03/2021;S-02;C-03; $50,832.77 ;;;;
6/03/2021;S-04;C-03; $52,877.54 ;;;;
6/03/2021;S-14;C-04; $16,768.39 ;;;;
6/03/2021;S-15;C-05; $43,253.03 ;;;;
7/03/2021;S-02;C-04; $41,199.52 ;;;;
7/03/2021;S-06;C-01; $23,423.13 ;;;;
7/03/2021;S-08;C-05; $43,393.82 ;;;;
7/03/2021;S-10;C-07; $59,841.41 ;;;;
7/03/2021;S-11;C-02; $24,318.53 ;;;;
7/03/2021;S-13;C-04; $59,907.78 ;;;;
8/03/2021;S-01;C-03; $35,202.57 ;;;;
9/03/2021;S-06;C-04; $48,616.48 ;;;;
9/03/2021;S-09;C-03; $19,571.48 ;;;;
10/03/2021;S-02;C-03; $55,814.00 ;;;;
10/03/2021;S-05;C-04; $59,363.10 ;;;;
10/03/2021;S-07;C-05; $49,132.94 ;;;;
10/03/2021;S-12;C-01; $45,731.66 ;;;;
10/03/2021;S-13;C-07; $59,682.43 ;;;;
11/03/2021;S-05;C-05; $40,523.69 ;;;;
11/03/2021;S-06;C-02; $48,135.80 ;;;;
11/03/2021;S-13;C-07; $18,630.55 ;;;;
12/03/2021;S-03;C-05; $31,137.83 ;;;;
12/03/2021;S-06;C-01; $38,167.65 ;;;;
12/03/2021;S-06;C-03; $14,320.31 ;;;;
12/03/2021;S-06;C-07; $42,894.13 ;;;;
12/03/2021;S-07;C-05; $28,460.28 ;;;;
13/03/2021;S-04;C-06; $35,852.44 ;;;;
14/03/2021;S-11;C-02; $52,142.56 ;;;;
14/03/2021;S-13;C-07; $51,839.27 ;;;;
14/03/2021;S-15;C-02; $50,352.59 ;;;;
14/03/2021;S-15;C-03; $14,991.88 ;;;;
14/03/2021;S-15;C-04; $47,343.28 ;;;;
15/03/2021;S-02;C-06; $12,750.91 ;;;;
15/03/2021;S-04;C-04; $14,818.61 ;;;;
15/03/2021;S-05;C-06; $21,864.99 ;;;;
15/03/2021;S-08;C-03; $48,042.69 ;;;;
16/03/2021;S-04;C-07; $15,876.33 ;;;;
16/03/2021;S-05;C-04; $38,277.90 ;;;;
16/03/2021;S-10;C-02; $38,276.26 ;;;;
17/03/2021;S-04;C-01; $55,890.63 ;;;;
17/03/2021;S-07;C-07; $24,015.80 ;;;;
18/03/2021;S-13;C-01; $25,349.83 ;;;;
18/03/2021;S-15;C-02; $44,176.79 ;;;;
19/03/2021;S-08;C-04; $47,473.77 ;;;;
19/03/2021;S-09;C-06; $51,213.25 ;;;;
19/03/2021;S-13;C-07; $19,037.35 ;;;;
20/03/2021;S-03;C-07; $22,117.59 ;;;;
20/03/2021;S-10;C-07; $59,454.40 ;;;;
20/03/2021;S-11;C-03; $29,135.06 ;;;;
20/03/2021;S-15;C-04; $34,936.12 ;;;;
21/03/2021;S-04;C-01; $25,648.05 ;;;;
21/03/2021;S-11;C-02; $54,898.28 ;;;;
21/03/2021;S-11;C-06; $46,943.77 ;;;;
22/03/2021;S-02;C-06; $47,976.05 ;;;;
22/03/2021;S-03;C-01; $21,759.99 ;;;;
22/03/2021;S-05;C-03; $46,169.19 ;;;;
22/03/2021;S-05;C-07; $56,445.93 ;;;;
22/03/2021;S-10;C-03; $56,834.48 ;;;;
23/03/2021;S-01;C-01; $57,364.82 ;;;;
23/03/2021;S-13;C-06; $40,444.30 ;;;;
24/03/2021;S-02;C-02; $56,855.15 ;;;;
24/03/2021;S-03;C-02; $59,660.83 ;;;;
24/03/2021;S-06;C-03; $45,896.31 ;;;;
25/03/2021;S-12;C-07; $40,029.99 ;;;;
25/03/2021;S-13;C-02; $44,367.43 ;;;;
25/03/2021;S-13;C-06; $27,706.91 ;;;;
26/03/2021;S-01;C-03; $53,970.42 ;;;;
26/03/2021;S-01;C-05; $50,640.77 ;;;;
26/03/2021;S-04;C-03; $30,305.95 ;;;;
26/03/2021;S-04;C-05; $13,205.78 ;;;;
26/03/2021;S-06;C-02; $36,568.09 ;;;;
26/03/2021;S-07;C-03; $45,846.06 ;;;;
26/03/2021;S-07;C-06; $21,358.37 ;;;;
26/03/2021;S-08;C-02; $51,000.31 ;;;;
26/03/2021;S-08;C-06; $55,017.21 ;;;;
26/03/2021;S-10;C-02; $39,996.65 ;;;;
26/03/2021;S-13;C-01; $43,483.54 ;;;;
26/03/2021;S-13;C-02; $18,403.79 ;;;;
26/03/2021;S-15;C-02; $12,770.83 ;;;;
27/03/2021;S-01;C-05; $11,199.21 ;;;;
27/03/2021;S-07;C-02; $58,089.71 ;;;;
27/03/2021;S-07;C-06; $29,657.65 ;;;;
27/03/2021;S-08;C-03; $55,222.45 ;;;;
27/03/2021;S-10;C-01; $24,434.37 ;;;;
27/03/2021;S-13;C-02; $33,431.09 ;;;;
28/03/2021;S-03;C-03; $23,772.71 ;;;;
28/03/2021;S-11;C-03; $53,999.20 ;;;;
29/03/2021;S-01;C-01; $38,510.49 ;;;;
29/03/2021;S-02;C-06; $15,389.40 ;;;;
29/03/2021;S-03;C-05; $41,367.23 ;;;;
29/03/2021;S-03;C-07; $58,498.86 ;;;;
29/03/2021;S-04;C-02; $22,519.15 ;;;;
29/03/2021;S-04;C-04; $24,768.06 ;;;;
29/03/2021;S-05;C-03; $57,306.28 ;;;;
29/03/2021;S-06;C-04; $52,297.52 ;;;;
29/03/2021;S-06;C-06; $43,354.38 ;;;;
29/03/2021;S-07;C-04; $27,291.20 ;;;;
29/03/2021;S-08;C-03; $20,454.13 ;;;;
29/03/2021;S-10;C-05; $34,987.66 ;;;;
29/03/2021;S-11;C-02; $53,204.11 ;;;;
29/03/2021;S-11;C-07; $21,821.26 ;;;;
29/03/2021;S-12;C-06; $50,993.15 ;;;;
30/03/2021;S-01;C-03; $38,101.30 ;;;;
30/03/2021;S-04;C-06; $22,488.04 ;;;;
31/03/2021;S-14;C-01; $21,228.52 ;;;;
1/04/2021;S-01;C-05; $25,664.85 ;;;;
1/04/2021;S-03;C-05; $53,313.05 ;;;;
1/04/2021;S-04;C-01; $43,747.33 ;;;;
1/04/2021;S-04;C-07; $10,379.33 ;;;;
1/04/2021;S-06;C-05; $55,654.89 ;;;;
1/04/2021;S-07;C-06; $56,290.90 ;;;;
1/04/2021;S-08;C-04; $20,520.76 ;;;;
1/04/2021;S-11;C-07; $57,064.73 ;;;;
1/04/2021;S-13;C-07; $53,266.84 ;;;;
1/04/2021;S-14;C-02; $48,542.57 ;;;;
1/04/2021;S-14;C-07; $40,567.82 ;;;;
1/04/2021;S-15;C-01; $12,128.20 ;;;;
2/04/2021;S-02;C-07; $47,951.36 ;;;;
2/04/2021;S-06;C-06; $49,541.94 ;;;;
3/04/2021;S-12;C-03; $15,432.28 ;;;;
4/04/2021;S-06;C-06; $36,058.62 ;;;;
4/04/2021;S-08;C-07; $40,840.37 ;;;;
5/04/2021;S-03;C-04; $24,371.72 ;;;;
5/04/2021;S-07;C-01; $51,701.20 ;;;;
6/04/2021;S-01;C-05; $16,162.87 ;;;;
6/04/2021;S-02;C-03; $55,770.21 ;;;;
6/04/2021;S-02;C-04; $11,516.90 ;;;;
6/04/2021;S-02;C-06; $13,723.52 ;;;;
6/04/2021;S-03;C-07; $53,402.45 ;;;;
6/04/2021;S-04;C-03; $28,071.40 ;;;;
6/04/2021;S-05;C-06; $59,854.11 ;;;;
6/04/2021;S-10;C-02; $37,409.99 ;;;;
6/04/2021;S-12;C-02; $31,601.64 ;;;;
6/04/2021;S-12;C-07; $37,622.28 ;;;;
6/04/2021;S-14;C-03; $38,883.81 ;;;;
6/04/2021;S-15;C-03; $40,189.04 ;;;;
7/04/2021;S-10;C-02; $45,119.28 ;;;;
8/04/2021;S-01;C-04; $39,259.54 ;;;;
8/04/2021;S-12;C-05; $36,471.10 ;;;;
8/04/2021;S-14;C-03; $43,985.66 ;;;;
9/04/2021;S-02;C-07; $39,896.91 ;;;;
9/04/2021;S-07;C-06; $27,844.70 ;;;;
9/04/2021;S-08;C-07; $36,941.89 ;;;;
9/04/2021;S-09;C-02; $40,706.64 ;;;;
9/04/2021;S-09;C-04; $22,338.87 ;;;;
9/04/2021;S-11;C-04; $52,583.14 ;;;;
9/04/2021;S-12;C-03; $43,151.37 ;;;;
9/04/2021;S-12;C-07; $33,945.51 ;;;;
9/04/2021;S-14;C-01; $33,411.22 ;;;;
9/04/2021;S-14;C-02; $31,104.73 ;;;;
9/04/2021;S-14;C-06; $33,078.13 ;;;;
9/04/2021;S-15;C-04; $35,523.16 ;;;;
10/04/2021;S-01;C-03; $47,372.74 ;;;;
10/04/2021;S-02;C-02; $26,940.03 ;;;;
10/04/2021;S-03;C-02; $43,266.42 ;;;;
10/04/2021;S-04;C-04; $23,451.21 ;;;;
10/04/2021;S-07;C-04; $20,293.64 ;;;;
10/04/2021;S-08;C-02; $39,673.52 ;;;;
10/04/2021;S-09;C-01; $40,088.87 ;;;;
10/04/2021;S-09;C-07; $23,434.36 ;;;;
10/04/2021;S-13;C-04; $58,013.02 ;;;;
10/04/2021;S-15;C-01; $13,371.38 ;;;;
11/04/2021;S-07;C-01; $24,025.64 ;;;;
12/04/2021;S-05;C-04; $11,987.24 ;;;;
12/04/2021;S-07;C-07; $46,013.36 ;;;;
12/04/2021;S-08;C-01; $37,063.73 ;;;;
12/04/2021;S-08;C-06; $30,695.92 ;;;;
12/04/2021;S-14;C-04; $47,706.92 ;;;;
13/04/2021;S-01;C-05; $30,984.62 ;;;;
13/04/2021;S-10;C-03; $37,587.12 ;;;;
13/04/2021;S-11;C-04; $22,235.30 ;;;;
13/04/2021;S-14;C-04; $44,389.49 ;;;;
14/04/2021;S-05;C-07; $28,329.51 ;;;;
15/04/2021;S-02;C-03; $32,716.84 ;;;;
15/04/2021;S-12;C-02; $14,565.55 ;;;;
16/04/2021;S-01;C-05; $24,726.77 ;;;;
16/04/2021;S-05;C-06; $13,181.24 ;;;;
17/04/2021;S-02;C-04; $48,886.61 ;;;;
18/04/2021;S-01;C-05; $43,249.22 ;;;;
19/04/2021;S-06;C-05; $51,141.29 ;;;;
19/04/2021;S-06;C-07; $59,233.17 ;;;;
19/04/2021;S-08;C-01; $55,564.38 ;;;;
19/04/2021;S-10;C-07; $57,418.42 ;;;;
19/04/2021;S-12;C-03; $41,798.92 ;;;;
19/04/2021;S-13;C-07; $19,771.09 ;;;;
19/04/2021;S-15;C-04; $39,078.30 ;;;;
20/04/2021;S-07;C-04; $56,672.69 ;;;;
20/04/2021;S-09;C-03; $45,692.22 ;;;;
20/04/2021;S-10;C-06; $38,733.79 ;;;;
20/04/2021;S-13;C-02; $38,033.42 ;;;;
21/04/2021;S-09;C-07; $12,883.44 ;;;;
21/04/2021;S-10;C-03; $41,661.21 ;;;;
22/04/2021;S-15;C-01; $17,794.63 ;;;;
23/04/2021;S-08;C-07; $49,922.55 ;;;;
23/04/2021;S-13;C-02; $49,542.67 ;;;;
23/04/2021;S-13;C-07; $31,120.94 ;;;;
24/04/2021;S-05;C-07; $22,509.04 ;;;;
24/04/2021;S-08;C-01; $10,831.55 ;;;;
25/04/2021;S-06;C-06; $11,241.49 ;;;;
26/04/2021;S-02;C-02; $29,150.21 ;;;;
26/04/2021;S-09;C-03; $16,083.11 ;;;;
26/04/2021;S-11;C-07; $28,083.52 ;;;;
27/04/2021;S-04;C-06; $11,079.21 ;;;;
28/04/2021;S-03;C-03; $59,493.49 ;;;;
28/04/2021;S-07;C-06; $27,776.17 ;;;;
28/04/2021;S-10;C-05; $10,506.61 ;;;;
28/04/2021;S-11;C-05; $58,430.50 ;;;;
29/04/2021;S-06;C-03; $42,896.15 ;;;;
30/04/2021;S-05;C-02; $25,684.39 ;;;;
1/05/2021;S-01;C-02; $23,883.63 ;;;;
1/05/2021;S-04;C-07; $57,553.55 ;;;;
1/05/2021;S-05;C-06; $30,682.41 ;;;;
1/05/2021;S-07;C-04; $22,857.75 ;;;;
1/05/2021;S-08;C-03; $42,723.58 ;;;;
1/05/2021;S-10;C-02; $15,163.46 ;;;;
1/05/2021;S-13;C-07; $12,597.11 ;;;;
2/05/2021;S-12;C-01; $49,223.49 ;;;;
2/05/2021;S-12;C-05; $50,271.70 ;;;;
3/05/2021;S-06;C-05; $13,850.85 ;;;;
3/05/2021;S-08;C-03; $40,605.98 ;;;;
4/05/2021;S-09;C-03; $30,925.88 ;;;;
4/05/2021;S-13;C-01; $20,048.77 ;;;;
4/05/2021;S-13;C-05; $34,658.48 ;;;;
5/05/2021;S-06;C-05; $53,639.57 ;;;;
5/05/2021;S-10;C-02; $47,468.28 ;;;;
5/05/2021;S-12;C-07; $42,012.09 ;;;;
6/05/2021;S-01;C-05; $55,075.22 ;;;;
6/05/2021;S-08;C-07; $54,639.68 ;;;;
6/05/2021;S-09;C-02; $15,860.93 ;;;;
6/05/2021;S-11;C-07; $49,132.06 ;;;;
6/05/2021;S-13;C-03; $40,582.55 ;;;;
6/05/2021;S-13;C-07; $27,718.05 ;;;;
6/05/2021;S-14;C-07; $25,234.37 ;;;;
7/05/2021;S-15;C-01; $53,836.22 ;;;;
8/05/2021;S-01;C-04; $39,432.69 ;;;;
8/05/2021;S-05;C-05; $50,260.97 ;;;;
8/05/2021;S-08;C-01; $58,068.76 ;;;;
8/05/2021;S-09;C-04; $10,100.47 ;;;;
8/05/2021;S-15;C-06; $43,466.48 ;;;;
9/05/2021;S-04;C-07; $51,245.80 ;;;;
10/05/2021;S-08;C-01; $45,287.09 ;;;;
10/05/2021;S-08;C-04; $16,596.68 ;;;;
10/05/2021;S-09;C-05; $57,870.75 ;;;;
10/05/2021;S-11;C-05; $47,333.90 ;;;;
10/05/2021;S-12;C-04; $56,799.36 ;;;;
10/05/2021;S-12;C-07; $15,460.92 ;;;;
10/05/2021;S-13;C-07; $18,343.46 ;;;;
11/05/2021;S-01;C-01; $14,726.78 ;;;;
11/05/2021;S-07;C-07; $25,171.45 ;;;;
12/05/2021;S-04;C-07; $40,796.70 ;;;;
13/05/2021;S-02;C-04; $43,099.02 ;;;;
13/05/2021;S-06;C-07; $11,911.38 ;;;;
13/05/2021;S-08;C-07; $53,759.51 ;;;;
14/05/2021;S-02;C-07; $20,524.16 ;;;;
14/05/2021;S-03;C-01; $53,383.96 ;;;;
14/05/2021;S-04;C-06; $53,147.43 ;;;;
14/05/2021;S-04;C-07; $52,665.76 ;;;;
14/05/2021;S-11;C-03; $18,842.04 ;;;;
14/05/2021;S-12;C-06; $39,967.75 ;;;;
15/05/2021;S-01;C-04; $21,879.64 ;;;;
15/05/2021;S-01;C-07; $21,339.13 ;;;;
15/05/2021;S-02;C-03; $31,026.86 ;;;;
15/05/2021;S-04;C-02; $47,627.79 ;;;;
15/05/2021;S-05;C-07; $51,590.61 ;;;;
15/05/2021;S-07;C-04; $50,766.37 ;;;;
15/05/2021;S-08;C-01; $46,779.10 ;;;;
15/05/2021;S-08;C-04; $44,189.47 ;;;;
15/05/2021;S-08;C-07; $26,235.69 ;;;;
15/05/2021;S-13;C-07; $42,629.63 ;;;;
15/05/2021;S-14;C-01; $24,357.74 ;;;;
15/05/2021;S-14;C-02; $39,551.64 ;;;;
16/05/2021;S-11;C-06; $40,052.15 ;;;;
16/05/2021;S-13;C-01; $59,343.68 ;;;;
17/05/2021;S-11;C-02; $10,427.27 ;;;;
17/05/2021;S-11;C-05; $48,292.12 ;;;;
17/05/2021;S-13;C-05; $18,932.70 ;;;;
17/05/2021;S-14;C-06; $30,510.62 ;;;;
18/05/2021;S-06;C-02; $52,814.14 ;;;;
19/05/2021;S-08;C-02; $40,037.54 ;;;;
20/05/2021;S-11;C-03; $44,867.34 ;;;;
20/05/2021;S-12;C-06; $26,116.28 ;;;;
21/05/2021;S-03;C-04; $37,943.87 ;;;;
21/05/2021;S-06;C-06; $19,587.64 ;;;;
21/05/2021;S-10;C-07; $59,284.60 ;;;;
21/05/2021;S-13;C-06; $52,087.75 ;;;;
21/05/2021;S-14;C-07; $59,907.39 ;;;;
21/05/2021;S-15;C-03; $40,328.56 ;;;;
22/05/2021;S-02;C-04; $24,903.47 ;;;;
22/05/2021;S-03;C-07; $53,490.81 ;;;;
22/05/2021;S-04;C-05; $16,140.92 ;;;;
22/05/2021;S-05;C-05; $54,596.49 ;;;;
22/05/2021;S-06;C-03; $40,215.59 ;;;;
22/05/2021;S-07;C-03; $21,205.03 ;;;;
22/05/2021;S-08;C-01; $49,869.04 ;;;;
22/05/2021;S-08;C-02; $11,082.89 ;;;;
22/05/2021;S-10;C-01; $57,970.27 ;;;;
22/05/2021;S-12;C-05; $41,154.90 ;;;;
22/05/2021;S-13;C-06; $27,321.98 ;;;;
22/05/2021;S-15;C-06; $18,469.46 ;;;;
23/05/2021;S-01;C-03; $14,659.38 ;;;;
23/05/2021;S-13;C-04; $58,343.15 ;;;;
24/05/2021;S-01;C-03; $26,603.37 ;;;;
24/05/2021;S-02;C-02; $46,831.37 ;;;;
24/05/2021;S-05;C-05; $59,635.70 ;;;;
25/05/2021;S-11;C-07; $17,162.11 ;;;;
26/05/2021;S-01;C-07; $44,633.90 ;;;;
26/05/2021;S-05;C-01; $50,301.07 ;;;;
26/05/2021;S-07;C-03; $41,273.82 ;;;;
26/05/2021;S-08;C-01; $29,417.31 ;;;;
26/05/2021;S-10;C-05; $15,297.20 ;;;;
26/05/2021;S-10;C-07; $22,768.28 ;;;;
26/05/2021;S-15;C-03; $41,823.95 ;;;;
27/05/2021;S-01;C-05; $24,378.74 ;;;;
27/05/2021;S-04;C-06; $42,548.48 ;;;;
27/05/2021;S-05;C-01; $25,959.26 ;;;;
27/05/2021;S-05;C-02; $45,432.12 ;;;;
27/05/2021;S-05;C-07; $19,989.48 ;;;;
27/05/2021;S-06;C-05; $20,269.11 ;;;;
27/05/2021;S-06;C-06; $16,798.23 ;;;;
27/05/2021;S-08;C-07; $12,174.61 ;;;;
27/05/2021;S-09;C-01; $54,123.02 ;;;;
27/05/2021;S-09;C-02; $38,861.26 ;;;;
27/05/2021;S-09;C-07; $40,292.35 ;;;;
27/05/2021;S-10;C-04; $36,078.49 ;;;;
27/05/2021;S-10;C-05; $41,697.05 ;;;;
27/05/2021;S-13;C-04; $47,625.94 ;;;;
27/05/2021;S-14;C-06; $19,427.28 ;;;;
27/05/2021;S-15;C-02; $31,058.72 ;;;;
27/05/2021;S-15;C-06; $45,635.20 ;;;;
28/05/2021;S-03;C-07; $26,191.50 ;;;;
29/05/2021;S-02;C-06; $53,353.39 ;;;;
29/05/2021;S-05;C-02; $19,791.05 ;;;;
29/05/2021;S-05;C-03; $45,433.25 ;;;;
29/05/2021;S-07;C-01; $49,918.10 ;;;;
29/05/2021;S-07;C-02; $12,652.54 ;;;;
29/05/2021;S-09;C-06; $37,153.31 ;;;;
29/05/2021;S-11;C-03; $27,722.28 ;;;;
29/05/2021;S-13;C-04; $55,690.77 ;;;;
30/05/2021;S-12;C-01; $31,456.04 ;;;;
30/05/2021;S-13;C-06; $32,052.13 ;;;;
31/05/2021;S-09;C-06; $12,875.68 ;;;;
1/06/2021;S-03;C-04; $26,169.38 ;;;;
1/06/2021;S-06;C-06; $30,065.66 ;;;;
1/06/2021;S-07;C-03; $13,531.48 ;;;;
1/06/2021;S-13;C-07; $57,560.18 ;;;;
1/06/2021;S-14;C-03; $38,292.35 ;;;;
2/06/2021;S-03;C-02; $23,687.45 ;;;;
2/06/2021;S-04;C-06; $41,007.43 ;;;;
2/06/2021;S-06;C-04; $42,301.43 ;;;;
2/06/2021;S-08;C-05; $19,001.35 ;;;;
2/06/2021;S-10;C-03; $56,864.03 ;;;;
2/06/2021;S-10;C-04; $52,612.33 ;;;;
2/06/2021;S-12;C-07; $39,522.88 ;;;;
2/06/2021;S-13;C-02; $22,420.48 ;;;;
2/06/2021;S-13;C-04; $24,938.86 ;;;;
2/06/2021;S-14;C-05; $27,497.94 ;;;;
3/06/2021;S-07;C-02; $31,785.95 ;;;;
4/06/2021;S-04;C-02; $17,414.70 ;;;;
4/06/2021;S-09;C-07; $14,765.11 ;;;;
4/06/2021;S-15;C-07; $22,433.17 ;;;;
5/06/2021;S-01;C-06; $30,019.95 ;;;;
5/06/2021;S-03;C-03; $22,797.04 ;;;;
5/06/2021;S-04;C-05; $58,119.42 ;;;;
5/06/2021;S-06;C-05; $34,341.86 ;;;;
5/06/2021;S-12;C-06; $39,304.20 ;;;;
5/06/2021;S-13;C-06; $12,753.16 ;;;;
6/06/2021;S-05;C-01; $14,799.05 ;;;;
6/06/2021;S-13;C-06; $24,330.05 ;;;;
7/06/2021;S-09;C-05; $29,821.57 ;;;;
8/06/2021;S-01;C-04; $15,867.58 ;;;;
8/06/2021;S-05;C-07; $51,681.63 ;;;;
8/06/2021;S-07;C-02; $20,011.40 ;;;;
9/06/2021;S-04;C-01; $12,715.95 ;;;;
10/06/2021;S-02;C-02; $13,342.60 ;;;;
10/06/2021;S-07;C-06; $54,471.63 ;;;;
10/06/2021;S-08;C-03; $39,131.62 ;;;;
10/06/2021;S-09;C-06; $19,876.68 ;;;;
10/06/2021;S-12;C-04; $35,736.29 ;;;;
10/06/2021;S-13;C-06; $28,016.89 ;;;;
11/06/2021;S-03;C-04; $38,055.73 ;;;;
11/06/2021;S-04;C-01; $11,472.68 ;;;;
11/06/2021;S-06;C-01; $37,715.88 ;;;;
11/06/2021;S-11;C-04; $40,344.83 ;;;;
11/06/2021;S-12;C-04; $13,477.09 ;;;;
11/06/2021;S-14;C-07; $55,226.25 ;;;;
11/06/2021;S-15;C-06; $38,830.39 ;;;;
12/06/2021;S-09;C-07; $58,530.33 ;;;;
12/06/2021;S-12;C-01; $52,263.91 ;;;;
13/06/2021;S-07;C-04; $15,933.80 ;;;;
14/06/2021;S-02;C-03; $49,303.85 ;;;;
14/06/2021;S-06;C-01; $59,841.39 ;;;;
14/06/2021;S-06;C-06; $13,554.84 ;;;;
14/06/2021;S-11;C-05; $16,341.14 ;;;;
14/06/2021;S-15;C-04; $11,838.16 ;;;;
14/06/2021;S-15;C-06; $47,071.25 ;;;;
15/06/2021;S-01;C-01; $32,529.96 ;;;;
16/06/2021;S-09;C-07; $13,488.99 ;;;;
16/06/2021;S-15;C-06; $17,858.49 ;;;;
17/06/2021;S-06;C-03; $32,972.44 ;;;;
17/06/2021;S-09;C-03; $45,214.48 ;;;;
17/06/2021;S-14;C-02; $24,641.08 ;;;;
18/06/2021;S-02;C-01; $31,960.40 ;;;;
18/06/2021;S-09;C-02; $11,343.17 ;;;;
19/06/2021;S-08;C-06; $35,150.70 ;;;;
20/06/2021;S-10;C-07; $19,874.47 ;;;;
20/06/2021;S-11;C-04; $35,008.70 ;;;;
21/06/2021;S-02;C-04; $14,058.60 ;;;;
22/06/2021;S-04;C-01; $30,596.09 ;;;;
22/06/2021;S-11;C-04; $15,505.94 ;;;;
23/06/2021;S-08;C-07; $24,664.71 ;;;;
23/06/2021;S-15;C-02; $41,883.93 ;;;;
24/06/2021;S-05;C-05; $37,894.77 ;;;;
25/06/2021;S-01;C-01; $37,184.66 ;;;;
25/06/2021;S-01;C-03; $43,248.21 ;;;;
25/06/2021;S-01;C-04; $39,350.71 ;;;;
25/06/2021;S-03;C-06; $50,695.12 ;;;;
25/06/2021;S-05;C-03; $43,375.49 ;;;;
25/06/2021;S-05;C-04; $40,303.40 ;;;;
25/06/2021;S-05;C-07; $48,955.28 ;;;;
25/06/2021;S-06;C-07; $44,842.99 ;;;;
25/06/2021;S-08;C-01; $32,206.91 ;;;;
25/06/2021;S-09;C-03; $50,175.91 ;;;;
25/06/2021;S-09;C-07; $32,300.62 ;;;;
25/06/2021;S-10;C-06; $50,343.76 ;;;;
25/06/2021;S-10;C-07; $36,834.57 ;;;;
25/06/2021;S-13;C-05; $13,198.19 ;;;;
25/06/2021;S-15;C-03; $42,146.63 ;;;;
25/06/2021;S-15;C-07; $21,104.15 ;;;;
26/06/2021;S-01;C-03; $43,952.81 ;;;;
26/06/2021;S-03;C-01; $33,881.31 ;;;;
26/06/2021;S-03;C-03; $30,763.51 ;;;;
26/06/2021;S-03;C-07; $30,236.03 ;;;;
26/06/2021;S-04;C-02; $57,166.34 ;;;;
26/06/2021;S-06;C-01; $29,222.40 ;;;;
26/06/2021;S-08;C-06; $28,376.60 ;;;;
26/06/2021;S-08;C-07; $31,608.65 ;;;;
26/06/2021;S-09;C-03; $33,202.54 ;;;;
26/06/2021;S-12;C-06; $27,915.88 ;;;;
26/06/2021;S-13;C-04; $57,281.02 ;;;;
27/06/2021;S-11;C-07; $28,865.85 ;;;;
27/06/2021;S-13;C-06; $45,030.30 ;;;;
28/06/2021;S-04;C-01; $52,823.66 ;;;;
28/06/2021;S-14;C-06; $40,809.13 ;;;;
29/06/2021;S-12;C-05; $37,783.42 ;;;;
29/06/2021;S-15;C-03; $21,948.43 ;;;;
30/06/2021;S-01;C-03; $37,742.55 ;;;;
30/06/2021;S-01;C-07; $50,025.71 ;;;;
30/06/2021;S-02;C-02; $20,456.84 ;;;;
30/06/2021;S-04;C-04; $11,927.71 ;;;;
30/06/2021;S-04;C-05; $21,471.03 ;;;;
30/06/2021;S-04;C-07; $24,097.20 ;;;;
30/06/2021;S-05;C-01; $52,020.59 ;;;;
30/06/2021;S-05;C-06; $10,094.62 ;;;;
30/06/2021;S-06;C-04; $49,963.70 ;;;;
30/06/2021;S-07;C-01; $35,752.27 ;;;;
30/06/2021;S-08;C-04; $10,191.16 ;;;;
30/06/2021;S-09;C-03; $11,346.68 ;;;;
30/06/2021;S-09;C-06; $22,474.12 ;;;;
30/06/2021;S-11;C-04; $21,441.23 ;;;;
30/06/2021;S-13;C-03; $11,901.29 ;;;;
30/06/2021;S-14;C-03; $16,125.77 ;;;;
30/06/2021;S-15;C-01; $59,585.63 ;;;;
30/06/2021;S-15;C-06; $35,920.82 ;;;;
1/07/2021;S-07;C-06; $42,364.63 ;;;;
1/07/2021;S-08;C-04; $33,658.31 ;;;;
2/07/2021;S-02;C-02; $12,800.10 ;;;;
3/07/2021;S-01;C-01; $22,534.18 ;;;;
3/07/2021;S-06;C-05; $55,805.95 ;;;;
3/07/2021;S-07;C-07; $33,079.53 ;;;;
3/07/2021;S-08;C-01; $50,994.82 ;;;;
3/07/2021;S-08;C-02; $13,269.24 ;;;;
3/07/2021;S-10;C-06; $18,722.89 ;;;;
3/07/2021;S-13;C-04; $31,014.43 ;;;;
3/07/2021;S-15;C-01; $38,709.03 ;;;;
4/07/2021;S-06;C-05; $14,103.72 ;;;;
4/07/2021;S-12;C-05; $49,232.52 ;;;;
5/07/2021;S-02;C-04; $48,702.60 ;;;;
5/07/2021;S-07;C-01; $44,060.19 ;;;;
5/07/2021;S-14;C-06; $46,398.33 ;;;;
6/07/2021;S-05;C-02; $43,156.15 ;;;;
6/07/2021;S-08;C-05; $36,495.76 ;;;;
6/07/2021;S-12;C-01; $30,959.34 ;;;;
7/07/2021;S-09;C-03; $45,481.96 ;;;;
7/07/2021;S-14;C-06; $45,944.88 ;;;;
8/07/2021;S-10;C-05; $25,910.49 ;;;;
9/07/2021;S-10;C-02; $29,724.15 ;;;;
9/07/2021;S-11;C-03; $39,526.07 ;;;;
10/07/2021;S-01;C-02; $50,459.99 ;;;;
10/07/2021;S-02;C-04; $46,531.78 ;;;;
10/07/2021;S-02;C-07; $13,494.56 ;;;;
10/07/2021;S-03;C-05; $52,138.83 ;;;;
10/07/2021;S-05;C-07; $34,926.44 ;;;;
10/07/2021;S-09;C-04; $28,224.02 ;;;;
10/07/2021;S-09;C-06; $59,759.27 ;;;;
10/07/2021;S-13;C-04; $16,286.13 ;;;;
10/07/2021;S-15;C-01; $49,910.55 ;;;;
10/07/2021;S-15;C-07; $44,519.47 ;;;;
11/07/2021;S-05;C-03; $21,583.29 ;;;;
11/07/2021;S-05;C-04; $35,456.42 ;;;;
11/07/2021;S-05;C-05; $17,132.50 ;;;;
11/07/2021;S-08;C-07; $29,193.32 ;;;;
11/07/2021;S-09;C-02; $55,415.80 ;;;;
11/07/2021;S-12;C-02; $27,818.20 ;;;;
12/07/2021;S-03;C-04; $14,689.97 ;;;;
13/07/2021;S-02;C-02; $21,718.41 ;;;;
13/07/2021;S-13;C-06; $40,316.28 ;;;;
13/07/2021;S-14;C-01; $20,256.22 ;;;;
14/07/2021;S-08;C-05; $49,284.08 ;;;;
14/07/2021;S-15;C-04; $19,734.56 ;;;;
15/07/2021;S-01;C-04; $24,589.97 ;;;;
15/07/2021;S-04;C-04; $30,986.31 ;;;;
15/07/2021;S-08;C-07; $53,385.38 ;;;;
16/07/2021;S-02;C-01; $58,524.60 ;;;;
16/07/2021;S-03;C-01; $41,795.29 ;;;;
16/07/2021;S-03;C-03; $54,962.20 ;;;;
16/07/2021;S-06;C-04; $49,814.28 ;;;;
16/07/2021;S-07;C-03; $24,358.03 ;;;;
16/07/2021;S-08;C-03; $59,442.00 ;;;;
16/07/2021;S-08;C-05; $54,420.02 ;;;;
16/07/2021;S-12;C-03; $51,940.79 ;;;;
16/07/2021;S-12;C-04; $28,645.48 ;;;;
16/07/2021;S-12;C-07; $48,661.92 ;;;;
16/07/2021;S-13;C-03; $25,682.77 ;;;;
16/07/2021;S-13;C-06; $23,327.40 ;;;;
16/07/2021;S-14;C-03; $30,050.85 ;;;;
16/07/2021;S-14;C-07; $23,358.07 ;;;;
16/07/2021;S-15;C-05; $51,254.09 ;;;;
16/07/2021;S-15;C-06; $38,789.58 ;;;;
17/07/2021;S-01;C-04; $55,814.99 ;;;;
17/07/2021;S-01;C-06; $21,103.36 ;;;;
17/07/2021;S-04;C-02; $19,329.96 ;;;;
17/07/2021;S-04;C-03; $23,415.20 ;;;;
17/07/2021;S-05;C-01; $26,395.55 ;;;;
17/07/2021;S-05;C-06; $47,433.95 ;;;;
17/07/2021;S-06;C-07; $36,711.79 ;;;;
17/07/2021;S-07;C-07; $18,401.94 ;;;;
17/07/2021;S-08;C-06; $24,604.62 ;;;;
17/07/2021;S-08;C-07; $29,859.03 ;;;;
17/07/2021;S-09;C-02; $53,353.36 ;;;;
17/07/2021;S-09;C-06; $24,328.35 ;;;;
17/07/2021;S-10;C-01; $46,909.07 ;;;;
17/07/2021;S-13;C-01; $13,042.09 ;;;;
18/07/2021;S-12;C-04; $22,668.87 ;;;;
19/07/2021;S-04;C-02; $45,385.12 ;;;;
19/07/2021;S-04;C-05; $59,957.64 ;;;;
19/07/2021;S-06;C-04; $55,483.75 ;;;;
19/07/2021;S-07;C-03; $40,339.40 ;;;;
19/07/2021;S-07;C-07; $49,472.86 ;;;;
19/07/2021;S-08;C-02; $14,185.90 ;;;;
19/07/2021;S-09;C-07; $19,898.66 ;;;;
19/07/2021;S-10;C-06; $29,118.42 ;;;;
19/07/2021;S-14;C-02; $53,732.10 ;;;;
19/07/2021;S-14;C-07; $38,945.01 ;;;;
20/07/2021;S-01;C-05; $37,709.04 ;;;;
20/07/2021;S-05;C-03; $57,537.00 ;;;;
20/07/2021;S-06;C-03; $45,531.33 ;;;;
20/07/2021;S-12;C-02; $42,573.60 ;;;;
21/07/2021;S-04;C-02; $16,980.77 ;;;;
22/07/2021;S-14;C-01; $38,632.92 ;;;;
22/07/2021;S-15;C-05; $51,626.39 ;;;;
23/07/2021;S-04;C-07; $19,272.07 ;;;;
23/07/2021;S-13;C-04; $34,946.31 ;;;;
24/07/2021;S-01;C-02; $59,163.11 ;;;;
24/07/2021;S-03;C-03; $40,697.09 ;;;;
24/07/2021;S-06;C-02; $13,931.68 ;;;;
24/07/2021;S-10;C-01; $13,451.93 ;;;;
24/07/2021;S-10;C-07; $21,820.05 ;;;;
24/07/2021;S-12;C-02; $35,210.25 ;;;;
25/07/2021;S-10;C-04; $52,495.81 ;;;;
26/07/2021;S-01;C-05; $42,965.14 ;;;;
26/07/2021;S-10;C-05; $50,288.43 ;;;;
26/07/2021;S-14;C-06; $27,779.60 ;;;;
27/07/2021;S-01;C-03; $34,831.89 ;;;;
27/07/2021;S-04;C-02; $20,422.80 ;;;;
27/07/2021;S-04;C-07; $27,502.37 ;;;;
27/07/2021;S-12;C-02; $26,366.63 ;;;;
28/07/2021;S-02;C-07; $12,092.89 ;;;;
28/07/2021;S-06;C-05; $44,767.44 ;;;;
28/07/2021;S-09;C-02; $25,339.00 ;;;;
29/07/2021;S-02;C-03; $44,784.08 ;;;;
29/07/2021;S-12;C-03; $17,269.85 ;;;;
29/07/2021;S-13;C-02; $26,028.26 ;;;;
29/07/2021;S-14;C-06; $43,057.68 ;;;;
30/07/2021;S-01;C-05; $56,399.75 ;;;;
30/07/2021;S-03;C-01; $34,907.42 ;;;;
30/07/2021;S-08;C-03; $54,073.50 ;;;;
31/07/2021;S-04;C-03; $29,425.99 ;;;;
31/07/2021;S-04;C-05; $35,537.01 ;;;;
31/07/2021;S-06;C-02; $41,681.44 ;;;;
31/07/2021;S-06;C-06; $30,545.40 ;;;;
31/07/2021;S-08;C-07; $46,554.79 ;;;;
31/07/2021;S-12;C-02; $41,250.83 ;;;;
1/08/2021;S-04;C-04; $36,002.12 ;;;;
2/08/2021;S-03;C-03; $42,474.26 ;;;;
2/08/2021;S-07;C-06; $37,466.35 ;;;;
2/08/2021;S-08;C-05; $27,251.10 ;;;;
2/08/2021;S-10;C-03; $14,817.45 ;;;;
2/08/2021;S-10;C-05; $22,743.12 ;;;;
2/08/2021;S-11;C-03; $10,565.99 ;;;;
2/08/2021;S-15;C-03; $17,090.99 ;;;;
2/08/2021;S-15;C-07; $53,095.52 ;;;;
3/08/2021;S-06;C-04; $49,250.51 ;;;;
3/08/2021;S-11;C-03; $37,305.43 ;;;;
3/08/2021;S-11;C-05; $10,234.83 ;;;;
4/08/2021;S-01;C-01; $39,259.92 ;;;;
4/08/2021;S-03;C-05; $37,115.79 ;;;;
4/08/2021;S-07;C-01; $33,764.76 ;;;;
4/08/2021;S-09;C-01; $32,444.81 ;;;;
5/08/2021;S-04;C-05; $39,618.50 ;;;;
5/08/2021;S-12;C-02; $47,910.95 ;;;;
5/08/2021;S-12;C-05; $48,707.31 ;;;;
6/08/2021;S-04;C-07; $25,352.59 ;;;;
7/08/2021;S-15;C-02; $13,131.59 ;;;;
8/08/2021;S-13;C-06; $54,321.01 ;;;;
8/08/2021;S-15;C-01; $11,248.66 ;;;;
9/08/2021;S-11;C-01; $56,834.86 ;;;;
9/08/2021;S-11;C-06; $54,716.51 ;;;;
10/08/2021;S-05;C-07; $40,982.27 ;;;;
10/08/2021;S-06;C-05; $36,514.73 ;;;;
10/08/2021;S-14;C-02; $56,202.41 ;;;;
11/08/2021;S-02;C-01; $11,074.50 ;;;;
11/08/2021;S-04;C-04; $57,418.83 ;;;;
11/08/2021;S-07;C-05; $14,785.46 ;;;;
11/08/2021;S-09;C-07; $20,946.22 ;;;;
11/08/2021;S-11;C-07; $26,722.31 ;;;;
11/08/2021;S-13;C-04; $47,626.15 ;;;;
12/08/2021;S-01;C-05; $36,809.17 ;;;;
12/08/2021;S-07;C-07; $41,141.25 ;;;;
12/08/2021;S-12;C-02; $21,726.16 ;;;;
13/08/2021;S-08;C-04; $39,520.11 ;;;;
14/08/2021;S-06;C-01; $50,397.32 ;;;;
14/08/2021;S-06;C-05; $42,762.70 ;;;;
15/08/2021;S-01;C-07; $36,315.66 ;;;;
15/08/2021;S-10;C-01; $10,987.12 ;;;;
15/08/2021;S-12;C-03; $47,570.27 ;;;;
16/08/2021;S-01;C-01; $41,334.70 ;;;;
16/08/2021;S-02;C-03; $30,142.87 ;;;;
16/08/2021;S-11;C-06; $10,967.21 ;;;;
16/08/2021;S-15;C-04; $53,433.02 ;;;;
17/08/2021;S-04;C-06; $44,530.59 ;;;;
17/08/2021;S-11;C-01; $24,604.91 ;;;;
18/08/2021;S-01;C-01; $21,495.21 ;;;;
18/08/2021;S-01;C-03; $56,759.10 ;;;;
18/08/2021;S-05;C-07; $13,624.79 ;;;;
18/08/2021;S-11;C-07; $47,658.12 ;;;;
18/08/2021;S-13;C-06; $37,041.42 ;;;;
19/08/2021;S-02;C-02; $49,658.74 ;;;;
19/08/2021;S-10;C-03; $29,190.26 ;;;;
19/08/2021;S-11;C-06; $58,193.93 ;;;;
19/08/2021;S-12;C-04; $50,409.28 ;;;;
19/08/2021;S-14;C-03; $37,008.12 ;;;;
20/08/2021;S-03;C-03; $16,388.62 ;;;;
20/08/2021;S-11;C-04; $32,181.70 ;;;;
20/08/2021;S-12;C-02; $29,788.39 ;;;;
20/08/2021;S-14;C-04; $47,638.32 ;;;;
21/08/2021;S-01;C-05; $21,457.90 ;;;;
21/08/2021;S-14;C-02; $13,199.73 ;;;;
22/08/2021;S-06;C-04; $48,753.27 ;;;;
22/08/2021;S-14;C-02; $19,870.70 ;;;;
23/08/2021;S-01;C-05; $59,422.46 ;;;;
23/08/2021;S-02;C-07; $25,408.15 ;;;;
23/08/2021;S-03;C-05; $41,320.28 ;;;;
23/08/2021;S-06;C-01; $15,661.08 ;;;;
23/08/2021;S-10;C-04; $16,339.68 ;;;;
23/08/2021;S-11;C-03; $34,172.24 ;;;;
23/08/2021;S-11;C-06; $55,105.39 ;;;;
23/08/2021;S-13;C-03; $51,613.89 ;;;;
23/08/2021;S-14;C-03; $59,907.35 ;;;;
24/08/2021;S-10;C-07; $16,113.28 ;;;;
25/08/2021;S-04;C-06; $45,658.83 ;;;;
25/08/2021;S-05;C-01; $40,921.14 ;;;;
25/08/2021;S-06;C-04; $59,696.53 ;;;;
25/08/2021;S-07;C-07; $56,023.76 ;;;;
25/08/2021;S-09;C-06; $37,880.68 ;;;;
25/08/2021;S-11;C-02; $17,560.31 ;;;;
25/08/2021;S-11;C-03; $18,942.74 ;;;;
25/08/2021;S-12;C-05; $27,627.43 ;;;;
25/08/2021;S-14;C-02; $51,174.55 ;;;;
25/08/2021;S-14;C-06; $49,262.73 ;;;;
25/08/2021;S-15;C-05; $34,666.24 ;;;;
26/08/2021;S-04;C-01; $37,072.50 ;;;;
26/08/2021;S-12;C-05; $26,159.17 ;;;;
27/08/2021;S-05;C-01; $48,357.07 ;;;;
27/08/2021;S-06;C-04; $35,680.57 ;;;;
27/08/2021;S-09;C-03; $36,333.99 ;;;;
27/08/2021;S-14;C-03; $49,777.08 ;;;;
28/08/2021;S-03;C-07; $21,286.80 ;;;;
28/08/2021;S-13;C-07; $25,121.62 ;;;;
29/08/2021;S-02;C-01; $36,631.76 ;;;;
29/08/2021;S-02;C-05; $21,432.22 ;;;;
29/08/2021;S-03;C-07; $14,499.07 ;;;;
29/08/2021;S-04;C-03; $21,579.11 ;;;;
29/08/2021;S-04;C-06; $46,796.70 ;;;;
29/08/2021;S-05;C-01; $58,589.63 ;;;;
29/08/2021;S-05;C-02; $52,378.56 ;;;;
29/08/2021;S-05;C-07; $30,660.29 ;;;;
29/08/2021;S-10;C-05; $36,241.98 ;;;;
29/08/2021;S-10;C-06; $13,197.49 ;;;;
29/08/2021;S-11;C-02; $15,805.49 ;;;;
29/08/2021;S-12;C-02; $36,179.61 ;;;;
30/08/2021;S-01;C-01; $28,571.68 ;;;;
30/08/2021;S-04;C-04; $38,231.53 ;;;;
30/08/2021;S-07;C-04; $33,380.73 ;;;;
30/08/2021;S-08;C-02; $31,506.77 ;;;;
30/08/2021;S-13;C-03; $10,850.68 ;;;;
31/08/2021;S-02;C-03; $40,502.69 ;;;;
31/08/2021;S-08;C-04; $29,981.64 ;;;;
31/08/2021;S-10;C-04; $45,367.34 ;;;;
31/08/2021;S-10;C-05; $43,928.69 ;;;;
31/08/2021;S-11;C-02; $26,233.80 ;;;;
31/08/2021;S-13;C-03; $26,978.06 ;;;;
31/08/2021;S-13;C-07; $33,829.93 ;;;;
31/08/2021;S-14;C-03; $52,179.84 ;;;;
1/09/2021;S-01;C-05; $22,473.43 ;;;;
1/09/2021;S-10;C-02; $31,774.52 ;;;;
2/09/2021;S-04;C-02; $44,102.56 ;;;;
2/09/2021;S-05;C-07; $36,574.07 ;;;;
2/09/2021;S-06;C-02; $16,154.87 ;;;;
2/09/2021;S-07;C-03; $34,744.55 ;;;;
2/09/2021;S-07;C-05; $39,413.40 ;;;;
2/09/2021;S-08;C-03; $27,381.07 ;;;;
2/09/2021;S-11;C-02; $16,917.43 ;;;;
2/09/2021;S-13;C-04; $57,888.99 ;;;;
2/09/2021;S-14;C-05; $18,278.87 ;;;;
3/09/2021;S-05;C-04; $30,419.32 ;;;;
3/09/2021;S-05;C-05; $56,294.89 ;;;;
3/09/2021;S-15;C-03; $57,912.20 ;;;;
4/09/2021;S-01;C-02; $56,798.75 ;;;;
4/09/2021;S-07;C-06; $48,352.78 ;;;;
4/09/2021;S-09;C-06; $20,352.71 ;;;;
4/09/2021;S-11;C-04; $54,466.52 ;;;;
4/09/2021;S-12;C-05; $48,787.84 ;;;;
4/09/2021;S-14;C-05; $56,152.79 ;;;;
4/09/2021;S-14;C-07; $36,710.09 ;;;;
5/09/2021;S-13;C-02; $59,357.99 ;;;;
6/09/2021;S-04;C-06; $26,963.06 ;;;;
6/09/2021;S-06;C-07; $22,471.92 ;;;;
6/09/2021;S-08;C-05; $31,256.96 ;;;;
6/09/2021;S-12;C-01; $22,183.33 ;;;;
7/09/2021;S-05;C-07; $22,497.46 ;;;;
8/09/2021;S-01;C-05; $44,814.37 ;;;;
8/09/2021;S-07;C-05; $30,369.34 ;;;;
8/09/2021;S-10;C-02; $44,052.87 ;;;;
9/09/2021;S-02;C-04; $27,541.84 ;;;;
9/09/2021;S-08;C-03; $48,916.27 ;;;;
10/09/2021;S-14;C-01; $22,924.21 ;;;;
11/09/2021;S-10;C-06; $49,715.91 ;;;;
12/09/2021;S-07;C-01; $49,119.32 ;;;;
12/09/2021;S-13;C-02; $51,736.87 ;;;;
13/09/2021;S-03;C-01; $34,351.79 ;;;;
13/09/2021;S-04;C-05; $28,896.18 ;;;;
13/09/2021;S-06;C-07; $22,714.85 ;;;;
13/09/2021;S-10;C-02; $24,818.08 ;;;;
14/09/2021;S-15;C-05; $41,514.68 ;;;;
15/09/2021;S-06;C-06; $44,653.33 ;;;;
15/09/2021;S-10;C-03; $26,567.56 ;;;;
15/09/2021;S-11;C-01; $55,273.42 ;;;;
15/09/2021;S-11;C-02; $53,926.46 ;;;;
16/09/2021;S-01;C-05; $23,540.99 ;;;;
16/09/2021;S-05;C-06; $34,987.05 ;;;;
16/09/2021;S-07;C-06; $35,188.68 ;;;;
16/09/2021;S-10;C-02; $15,128.34 ;;;;
16/09/2021;S-10;C-04; $33,482.92 ;;;;
16/09/2021;S-12;C-04; $33,541.63 ;;;;
17/09/2021;S-03;C-01; $20,199.93 ;;;;
18/09/2021;S-03;C-06; $30,337.03 ;;;;
18/09/2021;S-04;C-06; $55,966.63 ;;;;
18/09/2021;S-11;C-02; $46,031.78 ;;;;
19/09/2021;S-03;C-04; $17,428.52 ;;;;
19/09/2021;S-07;C-05; $51,955.69 ;;;;
19/09/2021;S-08;C-06; $52,717.00 ;;;;
19/09/2021;S-11;C-03; $24,162.04 ;;;;
19/09/2021;S-12;C-04; $18,118.65 ;;;;
20/09/2021;S-10;C-03; $14,842.75 ;;;;
20/09/2021;S-10;C-07; $34,757.57 ;;;;
20/09/2021;S-15;C-04; $31,276.57 ;;;;
21/09/2021;S-05;C-04; $49,965.74 ;;;;
21/09/2021;S-08;C-03; $10,387.07 ;;;;
21/09/2021;S-08;C-06; $38,424.97 ;;;;
21/09/2021;S-10;C-06; $46,590.15 ;;;;
21/09/2021;S-11;C-02; $13,886.13 ;;;;
21/09/2021;S-13;C-03; $29,900.85 ;;;;
22/09/2021;S-13;C-02; $52,780.48 ;;;;
23/09/2021;S-10;C-04; $55,307.99 ;;;;
23/09/2021;S-15;C-05; $29,682.16 ;;;;
24/09/2021;S-05;C-05; $24,065.26 ;;;;
24/09/2021;S-06;C-04; $16,728.52 ;;;;
25/09/2021;S-08;C-03; $38,535.75 ;;;;
25/09/2021;S-10;C-02; $25,786.49 ;;;;
25/09/2021;S-11;C-01; $53,371.28 ;;;;
26/09/2021;S-07;C-04; $10,200.29 ;;;;
26/09/2021;S-07;C-06; $28,405.56 ;;;;
26/09/2021;S-10;C-03; $25,546.32 ;;;;
26/09/2021;S-10;C-06; $20,990.73 ;;;;
26/09/2021;S-15;C-05; $46,487.12 ;;;;
27/09/2021;S-04;C-02; $12,249.67 ;;;;
27/09/2021;S-08;C-03; $20,502.43 ;;;;
28/09/2021;S-07;C-07; $13,746.63 ;;;;
28/09/2021;S-09;C-06; $56,706.50 ;;;;
28/09/2021;S-10;C-03; $22,778.75 ;;;;
28/09/2021;S-15;C-06; $47,090.42 ;;;;
29/09/2021;S-05;C-07; $56,198.78 ;;;;
30/09/2021;S-01;C-04; $39,583.35 ;;;;
30/09/2021;S-09;C-03; $52,119.61 ;;;;
30/09/2021;S-10;C-01; $16,501.73 ;;;;
30/09/2021;S-11;C-05; $17,517.54 ;;;;
1/10/2021;S-07;C-01; $42,312.10 ;;;;
2/10/2021;S-02;C-01; $25,877.92 ;;;;
2/10/2021;S-03;C-06; $56,352.25 ;;;;
2/10/2021;S-09;C-03; $22,418.69 ;;;;
2/10/2021;S-15;C-06; $57,396.80 ;;;;
3/10/2021;S-05;C-07; $30,782.28 ;;;;
3/10/2021;S-06;C-06; $44,188.67 ;;;;
3/10/2021;S-07;C-03; $22,527.39 ;;;;
3/10/2021;S-10;C-03; $22,743.72 ;;;;
3/10/2021;S-10;C-04; $32,261.30 ;;;;
3/10/2021;S-12;C-02; $10,635.74 ;;;;
3/10/2021;S-13;C-03; $52,071.27 ;;;;
3/10/2021;S-14;C-05; $51,332.74 ;;;;
4/10/2021;S-01;C-04; $41,296.10 ;;;;
4/10/2021;S-02;C-06; $31,473.15 ;;;;
4/10/2021;S-09;C-05; $42,184.46 ;;;;
4/10/2021;S-15;C-03; $10,819.69 ;;;;
5/10/2021;S-01;C-06; $19,167.45 ;;;;
5/10/2021;S-04;C-02; $51,664.38 ;;;;
5/10/2021;S-07;C-02; $30,325.18 ;;;;
5/10/2021;S-11;C-02; $30,353.19 ;;;;
5/10/2021;S-14;C-01; $48,571.64 ;;;;
6/10/2021;S-07;C-02; $10,384.32 ;;;;
7/10/2021;S-01;C-03; $56,510.24 ;;;;
7/10/2021;S-01;C-04; $22,297.92 ;;;;
7/10/2021;S-03;C-02; $58,082.26 ;;;;
7/10/2021;S-03;C-04; $39,631.46 ;;;;
7/10/2021;S-03;C-06; $13,956.13 ;;;;
7/10/2021;S-04;C-02; $49,324.06 ;;;;
7/10/2021;S-06;C-01; $24,825.60 ;;;;
7/10/2021;S-08;C-01; $29,473.56 ;;;;
7/10/2021;S-08;C-03; $16,397.95 ;;;;
7/10/2021;S-09;C-02; $17,779.91 ;;;;
7/10/2021;S-09;C-04; $33,936.86 ;;;;
7/10/2021;S-10;C-07; $54,191.58 ;;;;
7/10/2021;S-11;C-07; $39,495.90 ;;;;
7/10/2021;S-12;C-05; $20,318.17 ;;;;
7/10/2021;S-13;C-05; $44,049.75 ;;;;
7/10/2021;S-13;C-07; $59,404.80 ;;;;
7/10/2021;S-15;C-06; $49,765.57 ;;;;
8/10/2021;S-07;C-03; $52,474.99 ;;;;
8/10/2021;S-11;C-01; $20,433.22 ;;;;
9/10/2021;S-01;C-06; $24,383.94 ;;;;
9/10/2021;S-03;C-01; $23,741.63 ;;;;
9/10/2021;S-07;C-07; $40,298.62 ;;;;
10/10/2021;S-01;C-01; $53,588.77 ;;;;
11/10/2021;S-03;C-02; $19,435.64 ;;;;
11/10/2021;S-04;C-04; $44,674.05 ;;;;
11/10/2021;S-11;C-02; $38,458.38 ;;;;
12/10/2021;S-05;C-01; $34,203.57 ;;;;
13/10/2021;S-01;C-01; $22,826.34 ;;;;
13/10/2021;S-03;C-01; $20,354.59 ;;;;
13/10/2021;S-05;C-01; $32,439.44 ;;;;
13/10/2021;S-05;C-03; $53,723.97 ;;;;
13/10/2021;S-05;C-07; $48,100.53 ;;;;
13/10/2021;S-11;C-06; $24,785.54 ;;;;
13/10/2021;S-13;C-06; $44,318.14 ;;;;
13/10/2021;S-14;C-03; $11,467.22 ;;;;
13/10/2021;S-15;C-06; $18,404.55 ;;;;
14/10/2021;S-02;C-02; $56,974.58 ;;;;
14/10/2021;S-07;C-03; $12,689.76 ;;;;
14/10/2021;S-11;C-01; $30,040.51 ;;;;
14/10/2021;S-11;C-02; $20,159.49 ;;;;
14/10/2021;S-13;C-06; $13,319.81 ;;;;
14/10/2021;S-14;C-03; $52,781.11 ;;;;
15/10/2021;S-05;C-07; $11,031.62 ;;;;
15/10/2021;S-11;C-03; $50,643.96 ;;;;
15/10/2021;S-13;C-07; $50,395.79 ;;;;
16/10/2021;S-01;C-07; $44,682.91 ;;;;
16/10/2021;S-03;C-07; $36,072.67 ;;;;
16/10/2021;S-04;C-02; $15,972.25 ;;;;
16/10/2021;S-07;C-03; $53,757.08 ;;;;
16/10/2021;S-08;C-07; $17,598.59 ;;;;
17/10/2021;S-01;C-06; $30,099.09 ;;;;
17/10/2021;S-03;C-07; $25,552.61 ;;;;
17/10/2021;S-11;C-04; $34,402.88 ;;;;
17/10/2021;S-12;C-06; $46,785.68 ;;;;
17/10/2021;S-14;C-01; $21,514.67 ;;;;
18/10/2021;S-01;C-05; $57,945.47 ;;;;
18/10/2021;S-04;C-07; $58,319.37 ;;;;
18/10/2021;S-14;C-04; $54,668.87 ;;;;
19/10/2021;S-01;C-01; $58,002.17 ;;;;
19/10/2021;S-02;C-04; $45,267.95 ;;;;
19/10/2021;S-02;C-05; $13,931.24 ;;;;
19/10/2021;S-04;C-02; $31,279.51 ;;;;
19/10/2021;S-04;C-07; $53,042.83 ;;;;
19/10/2021;S-11;C-02; $14,825.77 ;;;;
19/10/2021;S-11;C-04; $52,106.68 ;;;;
19/10/2021;S-11;C-07; $18,906.46 ;;;;
;;;;;;;
;;;;;;;
;;;;;;;
;;;;;;;
;;;;;;;
;;;;;;;
;;;;;;;
;;;;;;;
;;;;;;;
;;;;;;;
;;;;;;;
;;;;;;;
;;;;;;;
;;;;;;;
;;;;;;;
;;;;;;;
;;;;;;;
;;;;;;;
;;;;;;;
;;;;;;;
;;;;;;;
;;;;;;;
;;;;;;;
;;;;;;;
;;;;;;;
;;;;;;;
;;;;;;;
;;;;;;;
;;;;;;;
;;;;;;;
;;;;;;;
;;;;;;;
;;;;;;;
;;;;;;;
;;;;;;;
;;;;;;;
;;;;;;;
;;;;;;;
;;;;;;;
;;;;;;;
;;;;;;;
;;;;;;;
;;;;;;;
;;;;;;;
;;;;;;;
;;;;;;;
;;;;;;;
;;;;;;;
;;;;;;;
;;;;;;;
;;;;;;;
;;;;;;;
;;;;;;;
;;;;;;;
;;;;;;;
;;;;;;;
;;;;;;;
;;;;;;;
;;;;;;;
;;;;;;;
;;;;;;;
;;;;;;;
;;;;;;;
;;;;;;;
;;;;;;;
;;;;;;;
;;;;;;;
;;;;;;;
;;;;;;;
;;;;;;;
;;;;;;;
;;;;;;;
;;;;;;;
;;;;;;;
;;;;;;;
;;;;;;;
;;;;;;;
;;;;;;;
;;;;;;;
;;;;;;;
;;;;;;;
;;;;;;;
;;;;;;;
;;;;;;;
;;;;;;;
;;;;;;;
;;;;;;;
;;;;;;;
;;;;;;;
;;;;;;;
;;;;;;;
;;;;;;;
;;;;;;;
;;;;;;;
;;;;;;;
;;;;;;;
;;;;;;;
;;;;;;;
;;;;;;;
;;;;;;;
;;;;;;;
;;;;;;;
;;;;;;;
;;;;;;;
;;;;;;;
;;;;;;;
;;;;;;;
;;;;;;;
;;;;;;;
;;;;;;;
;;;;;;;
;;;;;;;
;;;;;;;
;;;;;;;
;;;;;;;
;;;;;;;
;;;;;;;
;;;;;;;
;;;;;;;
;;;;;;;
;;;;;;;
;;;;;;;
;;;;;;;
;;;;;;;
;;;;;;;
;;;;;;;
;;;;;;;
;;;;;;;
;;;;;;;
;;;;;;;
;;;;;;;
;;;;;;;
;;;;;;;
;;;;;;;
;;;;;;;
;;;;;;;
;;;;;;;
;;;;;;;
;;;;;;;
;;;;;;;
;;;;;;;
;;;;;;;
;;;;;;;
;;;;;;;
;;;;;;;
;;;;;;;
;;;;;;;
;;;;;;;
;;;;;;;
;;;;;;;
;;;;;;;
;;;;;;;
;;;;;;;
;;;;;;;
;;;;;;;
;;;;;;;
;;;;;;;
;;;;;;;
;;;;;;;
;;;;;;;
;;;;;;;
;;;;;;;
;;;;;;;
;;;;;;;
;;;;;;;
;;;;;;;
;;;;;;;
;;;;;;;
;;;;;;;
;;;;;;;
;;;;;;;
;;;;;;;
;;;;;;;
;;;;;;;
