Código categoría;Categoría;;
C-01;Ropa sport para hombres;;
C-02;Ropa sport para damas;;
C-03;Ropa sport para niños;;
C-04;Ropa sport para niñas;;
C-05;Ropa deportiva unisex;;
C-06;Ropa deportiva para hombres;;
C-07;Ropa deportiva para damas;;
;;;
;;;
Fecha venta;Código sucursal;Código categoría;$ cobrados
2/01/2020;S-08;C-06;50424.86
2/01/2020;S-11;C-06;48098.63
2/01/2020;S-15;C-04;55845.89
3/01/2020;S-01;C-06;23805.69
3/01/2020;S-02;C-01;33709.38
3/01/2020;S-02;C-07;38385.18
3/01/2020;S-04;C-04;10097.53
3/01/2020;S-05;C-01;39375.23
3/01/2020;S-06;C-07;42100.98
3/01/2020;S-14;C-06;17730.38
4/01/2020;S-01;C-01;16379.75
4/01/2020;S-03;C-07;16526.54
5/01/2020;S-01;C-06;44215.88
5/01/2020;S-01;C-07;45544.28
5/01/2020;S-12;C-05;12042.79
5/01/2020;S-15;C-06;20731.99
6/01/2020;S-01;C-01;41337.13
6/01/2020;S-15;C-07;29974.68
7/01/2020;S-03;C-01;24452.73
7/01/2020;S-04;C-01;42515.42
7/01/2020;S-11;C-02;26105.85
7/01/2020;S-12;C-06;16950.91
7/01/2020;S-13;C-04;41630.53
7/01/2020;S-13;C-05;58781.15
8/01/2020;S-06;C-01;27848.56
8/01/2020;S-06;C-06;35142.68
8/01/2020;S-11;C-01;30352.96
9/01/2020;S-03;C-01;12476.39
9/01/2020;S-03;C-03;53417.23
9/01/2020;S-13;C-01;36983.83
9/01/2020;S-13;C-04;47717.85
10/01/2020;S-01;C-06;53846.93
10/01/2020;S-03;C-01;43070.49
10/01/2020;S-04;C-07;15188.62
10/01/2020;S-12;C-07;36638.89
11/01/2020;S-07;C-01;46966.48
12/01/2020;S-01;C-04;57921.53
12/01/2020;S-09;C-06;54781.51
13/01/2020;S-05;C-04;23591.79
13/01/2020;S-07;C-05;41347.54
13/01/2020;S-14;C-05;15948.95
14/01/2020;S-01;C-01;24792.77
14/01/2020;S-02;C-02;35880.19
14/01/2020;S-08;C-07;29263.87
14/01/2020;S-13;C-06;30803.27
14/01/2020;S-14;C-01;17282.54
14/01/2020;S-14;C-05;58124.61
14/01/2020;S-14;C-07;27015.55
15/01/2020;S-01;C-05;12967.66
15/01/2020;S-07;C-02;30916.37
15/01/2020;S-13;C-03;43891.54
16/01/2020;S-01;C-05;31399.34
16/01/2020;S-06;C-03;16803.68
16/01/2020;S-07;C-07;51139.82
16/01/2020;S-12;C-02;40941.45
16/01/2020;S-12;C-07;17793.24
17/01/2020;S-13;C-07;26081.61
18/01/2020;S-04;C-03;27508.14
18/01/2020;S-05;C-07;10471.88
19/01/2020;S-01;C-01;32738.68
19/01/2020;S-01;C-04;35763.5
19/01/2020;S-01;C-07;24657.52
19/01/2020;S-10;C-05;56381.43
19/01/2020;S-15;C-07;48078.39
20/01/2020;S-03;C-05;59616.79
20/01/2020;S-06;C-03;44187.13
20/01/2020;S-06;C-07;29000.59
20/01/2020;S-07;C-04;17395.88
20/01/2020;S-09;C-06;12757.37
20/01/2020;S-11;C-02;23386.41
20/01/2020;S-13;C-02;37996.42
20/01/2020;S-15;C-01;13689.63
21/01/2020;S-07;C-01;43310.06
21/01/2020;S-08;C-03;25464.49
21/01/2020;S-09;C-07;58857.46
22/01/2020;S-14;C-07;25426.64
23/01/2020;S-02;C-02;39145.79
23/01/2020;S-05;C-03;56600.02
24/01/2020;S-09;C-04;28585.19
24/01/2020;S-13;C-02;22583.7
25/01/2020;S-14;C-04;23066.68
26/01/2020;S-04;C-02;42850.45
26/01/2020;S-11;C-01;17027.94
26/01/2020;S-12;C-07;59773.84
27/01/2020;S-06;C-07;31603.42
27/01/2020;S-08;C-05;50210.23
27/01/2020;S-11;C-06;36220.99
27/01/2020;S-12;C-02;44769.66
27/01/2020;S-14;C-05;36879.67
27/01/2020;S-15;C-02;51431.72
28/01/2020;S-09;C-07;25107.62
28/01/2020;S-13;C-05;51064.14
28/01/2020;S-15;C-02;40647.32
29/01/2020;S-01;C-06;57762.24
29/01/2020;S-05;C-03;16094.01
29/01/2020;S-07;C-07;33080.3
29/01/2020;S-08;C-04;25009.94
29/01/2020;S-09;C-01;38337.63
30/01/2020;S-05;C-01;48433.85
30/01/2020;S-09;C-06;48921.86
31/01/2020;S-01;C-02;25003.85
31/01/2020;S-05;C-03;59390.3
31/01/2020;S-06;C-06;57491.49
31/01/2020;S-08;C-01;34799.12
31/01/2020;S-09;C-02;35454.78
31/01/2020;S-11;C-04;55720.67
31/01/2020;S-12;C-04;40676.26
31/01/2020;S-12;C-06;36618.66
31/01/2020;S-12;C-07;45997.91
31/01/2020;S-13;C-05;52793.94
31/01/2020;S-15;C-05;41725.33
1/02/2020;S-13;C-06;38366.82
1/02/2020;S-15;C-06;45343.78
2/02/2020;S-08;C-04;25272.62
2/02/2020;S-08;C-05;19084.02
3/02/2020;S-05;C-05;23023.85
3/02/2020;S-06;C-07;58297.9
3/02/2020;S-10;C-01;29344.38
3/02/2020;S-12;C-02;40727.63
3/02/2020;S-14;C-07;22319.22
4/02/2020;S-01;C-04;57390.23
4/02/2020;S-03;C-07;11738.4
4/02/2020;S-05;C-02;17468.61
4/02/2020;S-08;C-06;53975.65
4/02/2020;S-09;C-05;56524.17
4/02/2020;S-10;C-07;13992.68
5/02/2020;S-06;C-05;40992.02
6/02/2020;S-08;C-06;46318.03
6/02/2020;S-08;C-07;46970.45
6/02/2020;S-13;C-07;44758.68
7/02/2020;S-03;C-03;31558.06
7/02/2020;S-05;C-01;26367.92
7/02/2020;S-06;C-04;55075.43
7/02/2020;S-09;C-03;19186.72
7/02/2020;S-11;C-03;25881.62
7/02/2020;S-12;C-02;54487.64
7/02/2020;S-12;C-07;17693.84
8/02/2020;S-01;C-07;24707.64
8/02/2020;S-11;C-01;32503.19
9/02/2020;S-04;C-02;53212.63
9/02/2020;S-07;C-05;49845.45
9/02/2020;S-10;C-07;35448.19
9/02/2020;S-12;C-04;15589.46
10/02/2020;S-13;C-06;41012.68
11/02/2020;S-05;C-03;55959.38
12/02/2020;S-04;C-06;23609.18
12/02/2020;S-05;C-05;56024.08
13/02/2020;S-02;C-05;45437.07
13/02/2020;S-08;C-07;43086.88
13/02/2020;S-11;C-02;31526.32
13/02/2020;S-11;C-07;45909.25
14/02/2020;S-05;C-01;11681.49
14/02/2020;S-13;C-05;23347.55
14/02/2020;S-15;C-04;30447.4
15/02/2020;S-10;C-04;39465.72
16/02/2020;S-03;C-04;28730.5
16/02/2020;S-04;C-05;31801.85
16/02/2020;S-09;C-04;48801.61
16/02/2020;S-09;C-05;17998.7
16/02/2020;S-13;C-03;28656.55
17/02/2020;S-01;C-02;57555.65
17/02/2020;S-07;C-03;55552.8
17/02/2020;S-08;C-06;19189.04
17/02/2020;S-12;C-07;20011.02
18/02/2020;S-06;C-04;48916.15
18/02/2020;S-09;C-01;25434.36
19/02/2020;S-03;C-01;53865.19
19/02/2020;S-06;C-04;13101.08
19/02/2020;S-08;C-01;19026.52
19/02/2020;S-13;C-02;29420.25
20/02/2020;S-02;C-04;49370.05
20/02/2020;S-05;C-02;38512.05
20/02/2020;S-05;C-07;49252.85
20/02/2020;S-09;C-03;45505.02
20/02/2020;S-10;C-05;44554.9
21/02/2020;S-04;C-06;48137.48
22/02/2020;S-03;C-05;54084.28
22/02/2020;S-04;C-01;23220.62
22/02/2020;S-05;C-04;23967.75
22/02/2020;S-07;C-03;19739.91
22/02/2020;S-09;C-05;24072.96
22/02/2020;S-14;C-02;33485.48
23/02/2020;S-01;C-03;28442.93
23/02/2020;S-04;C-01;44065.23
23/02/2020;S-04;C-04;38281.51
23/02/2020;S-09;C-01;16051.37
23/02/2020;S-13;C-04;47428.48
23/02/2020;S-14;C-06;38602.37
23/02/2020;S-15;C-01;13391.07
24/02/2020;S-06;C-05;42019.81
24/02/2020;S-10;C-05;23061.87
25/02/2020;S-02;C-02;30859.17
25/02/2020;S-03;C-03;54461.98
25/02/2020;S-09;C-04;36941.8
25/02/2020;S-12;C-03;36055.41
26/02/2020;S-02;C-01;58109.57
26/02/2020;S-04;C-03;38987.75
26/02/2020;S-11;C-04;23928.64
26/02/2020;S-12;C-02;33271.05
26/02/2020;S-14;C-02;17775.49
27/02/2020;S-01;C-04;12244.65
27/02/2020;S-09;C-03;37714.45
27/02/2020;S-11;C-04;15861.04
28/02/2020;S-05;C-02;18955.28
28/02/2020;S-15;C-03;56791.31
29/02/2020;S-04;C-03;35971.63
29/02/2020;S-10;C-01;21905.95
1/03/2020;S-04;C-06;41108.47
1/03/2020;S-04;C-07;17026.82
1/03/2020;S-08;C-06;13680.67
1/03/2020;S-11;C-05;42426.93
2/03/2020;S-06;C-02;40733.48
2/03/2020;S-14;C-07;44502.47
3/03/2020;S-03;C-04;22301.16
3/03/2020;S-11;C-01;31697.09
3/03/2020;S-11;C-07;26572.24
3/03/2020;S-15;C-03;45317.43
4/03/2020;S-09;C-01;35188.51
4/03/2020;S-12;C-06;34162.77
5/03/2020;S-01;C-04;10657.32
5/03/2020;S-01;C-07;42547.82
5/03/2020;S-07;C-04;59772.44
5/03/2020;S-09;C-03;26315.41
5/03/2020;S-11;C-01;27333.96
5/03/2020;S-13;C-07;41922.75
6/03/2020;S-02;C-07;57799.51
6/03/2020;S-09;C-03;17153.9
6/03/2020;S-11;C-02;31874.28
6/03/2020;S-13;C-07;23655.6
6/03/2020;S-15;C-03;57069.09
7/03/2020;S-06;C-01;42614.36
7/03/2020;S-11;C-02;55770.07
7/03/2020;S-14;C-03;39160.11
8/03/2020;S-02;C-01;41814.78
8/03/2020;S-08;C-02;12028.17
8/03/2020;S-09;C-03;30748.55
9/03/2020;S-07;C-03;19777.46
9/03/2020;S-11;C-02;36439.83
9/03/2020;S-15;C-06;48442.03
10/03/2020;S-01;C-02;46581.19
10/03/2020;S-02;C-02;50056.15
10/03/2020;S-02;C-06;29022.82
10/03/2020;S-03;C-05;29574.75
10/03/2020;S-04;C-01;57077.39
10/03/2020;S-06;C-06;24494.31
10/03/2020;S-07;C-02;50238.41
10/03/2020;S-08;C-04;32618.91
10/03/2020;S-08;C-07;24771.65
10/03/2020;S-11;C-05;57799.53
10/03/2020;S-12;C-07;16290.5
10/03/2020;S-14;C-07;30499.12
10/03/2020;S-15;C-02;35705.19
11/03/2020;S-02;C-02;40700.74
11/03/2020;S-03;C-01;59121.59
11/03/2020;S-07;C-07;25434.95
11/03/2020;S-09;C-02;52232.63
11/03/2020;S-13;C-04;53535.79
11/03/2020;S-14;C-03;17553.57
11/03/2020;S-14;C-04;53585.14
12/03/2020;S-15;C-05;51992.39
13/03/2020;S-03;C-03;45948.28
13/03/2020;S-04;C-04;11830.91
13/03/2020;S-05;C-04;21363.71
13/03/2020;S-15;C-06;16733.87
14/03/2020;S-01;C-01;34111.44
14/03/2020;S-09;C-02;39100.71
14/03/2020;S-13;C-03;17205.47
14/03/2020;S-14;C-03;13260.36
14/03/2020;S-15;C-06;37602.29
15/03/2020;S-04;C-06;59839.09
15/03/2020;S-09;C-01;40131.13
15/03/2020;S-11;C-06;38870.15
15/03/2020;S-12;C-04;19934.03
15/03/2020;S-14;C-04;18112.13
16/03/2020;S-09;C-03;40232.71
16/03/2020;S-12;C-02;53764.84
16/03/2020;S-13;C-06;31853.63
17/03/2020;S-04;C-04;11382.75
18/03/2020;S-11;C-06;10591.77
19/03/2020;S-04;C-05;21197.99
19/03/2020;S-10;C-05;31166.03
20/03/2020;S-10;C-01;30563.61
21/03/2020;S-01;C-06;38247.59
21/03/2020;S-01;C-07;54050.45
21/03/2020;S-03;C-03;28742.83
21/03/2020;S-04;C-05;57891.25
21/03/2020;S-04;C-07;44572.14
21/03/2020;S-14;C-03;19802.21
22/03/2020;S-07;C-04;14143.43
22/03/2020;S-08;C-03;53872.24
23/03/2020;S-03;C-05;24431.46
23/03/2020;S-05;C-05;37238.79
23/03/2020;S-05;C-06;21347.96
23/03/2020;S-08;C-05;50092.63
23/03/2020;S-08;C-07;13775.1
23/03/2020;S-10;C-03;19525.73
23/03/2020;S-10;C-06;46354.15
23/03/2020;S-11;C-02;56654.38
23/03/2020;S-12;C-07;44016.75
23/03/2020;S-14;C-01;33416.11
23/03/2020;S-14;C-07;37118.77
23/03/2020;S-15;C-02;42356.98
24/03/2020;S-06;C-01;29763.07
25/03/2020;S-04;C-06;21974.55
25/03/2020;S-05;C-07;30255.67
25/03/2020;S-06;C-02;53872.42
25/03/2020;S-06;C-04;17584.6
25/03/2020;S-07;C-03;58387.71
25/03/2020;S-09;C-07;40651.13
25/03/2020;S-11;C-04;42925.96
25/03/2020;S-13;C-06;33995.01
26/03/2020;S-02;C-05;30774.41
26/03/2020;S-07;C-02;45103.96
26/03/2020;S-07;C-05;39047.23
26/03/2020;S-10;C-06;41359.59
26/03/2020;S-11;C-02;35060.76
26/03/2020;S-12;C-07;39327.55
27/03/2020;S-04;C-01;22394.29
27/03/2020;S-05;C-02;37665.88
27/03/2020;S-08;C-02;41799.62
27/03/2020;S-08;C-06;48005.74
28/03/2020;S-02;C-04;48815.22
28/03/2020;S-02;C-06;16597.94
28/03/2020;S-03;C-06;58644.13
28/03/2020;S-08;C-04;22725.46
28/03/2020;S-10;C-01;16742.56
28/03/2020;S-10;C-06;45018.09
28/03/2020;S-11;C-07;33249.2
28/03/2020;S-12;C-03;29882.85
28/03/2020;S-12;C-05;49548.87
28/03/2020;S-12;C-07;22802.7
28/03/2020;S-13;C-03;50331.12
29/03/2020;S-07;C-01;20665.09
30/03/2020;S-01;C-02;32477.95
30/03/2020;S-04;C-05;41110.34
30/03/2020;S-05;C-05;25855.81
30/03/2020;S-09;C-01;30865.16
30/03/2020;S-13;C-04;46090.96
31/03/2020;S-01;C-06;17637.57
31/03/2020;S-03;C-06;16408.77
31/03/2020;S-09;C-03;18580.72
31/03/2020;S-09;C-05;47216.82
31/03/2020;S-13;C-04;57681.9
1/04/2020;S-01;C-02;47163.77
1/04/2020;S-01;C-07;50227.93
1/04/2020;S-03;C-06;17001.58
1/04/2020;S-05;C-04;56793.03
1/04/2020;S-06;C-03;26805.84
1/04/2020;S-08;C-03;40987.01
1/04/2020;S-09;C-05;47611.1
1/04/2020;S-11;C-04;49351.59
1/04/2020;S-15;C-01;12926.52
2/04/2020;S-04;C-01;44647.49
3/04/2020;S-03;C-03;43558.88
4/04/2020;S-06;C-04;53014.69
5/04/2020;S-02;C-07;36677.6
5/04/2020;S-12;C-07;27219.26
5/04/2020;S-14;C-05;20670.36
6/04/2020;S-01;C-02;46520.98
6/04/2020;S-03;C-03;23153.88
6/04/2020;S-03;C-05;42435.4
6/04/2020;S-07;C-04;37398.66
6/04/2020;S-07;C-06;35080.42
6/04/2020;S-08;C-02;51008.92
6/04/2020;S-08;C-07;55157.68
6/04/2020;S-09;C-07;51483.7
6/04/2020;S-11;C-05;21930.79
6/04/2020;S-14;C-06;18555.95
7/04/2020;S-01;C-02;28685.56
7/04/2020;S-01;C-07;11880.67
7/04/2020;S-02;C-02;35826.52
7/04/2020;S-02;C-04;49883.11
7/04/2020;S-06;C-01;40929.37
7/04/2020;S-06;C-05;22534.86
7/04/2020;S-08;C-04;12901.97
7/04/2020;S-09;C-04;26266.16
7/04/2020;S-10;C-02;48603.24
7/04/2020;S-11;C-06;10481.88
8/04/2020;S-01;C-02;13824.08
8/04/2020;S-01;C-03;34346.88
8/04/2020;S-11;C-06;33132.34
8/04/2020;S-12;C-06;41693.92
8/04/2020;S-14;C-02;39060.09
9/04/2020;S-03;C-01;10042.58
9/04/2020;S-15;C-02;52396.15
10/04/2020;S-05;C-03;15071.33
10/04/2020;S-06;C-01;47038.44
10/04/2020;S-06;C-03;26962.84
10/04/2020;S-11;C-04;12574.53
10/04/2020;S-11;C-06;26074.6
10/04/2020;S-12;C-02;26907.54
10/04/2020;S-13;C-01;30013.01
11/04/2020;S-09;C-06;38351.11
12/04/2020;S-06;C-04;32626.97
12/04/2020;S-13;C-03;44787.1
13/04/2020;S-02;C-05;30059.56
13/04/2020;S-05;C-05;44272.6
13/04/2020;S-05;C-07;38638.66
13/04/2020;S-06;C-01;26614.33
13/04/2020;S-07;C-04;33471.59
13/04/2020;S-10;C-03;45441.12
13/04/2020;S-11;C-03;45204.1
13/04/2020;S-12;C-04;53041.81
13/04/2020;S-13;C-01;10100.34
13/04/2020;S-14;C-04;20650.63
13/04/2020;S-15;C-01;12617.91
14/04/2020;S-02;C-01;49722.22
14/04/2020;S-14;C-03;20590.38
15/04/2020;S-04;C-03;55094.96
15/04/2020;S-10;C-04;26349.41
15/04/2020;S-13;C-04;33855.73
15/04/2020;S-15;C-06;36998.12
16/04/2020;S-04;C-02;32235.56
17/04/2020;S-10;C-05;49121.63
18/04/2020;S-07;C-06;12184.38
19/04/2020;S-03;C-06;59272.61
20/04/2020;S-13;C-02;10725.97
21/04/2020;S-07;C-06;49026.93
21/04/2020;S-10;C-04;58933.4
21/04/2020;S-12;C-07;37499.7
21/04/2020;S-15;C-07;36160.7
22/04/2020;S-10;C-05;55406.43
22/04/2020;S-14;C-04;59983.39
23/04/2020;S-04;C-04;55510.92
23/04/2020;S-09;C-07;43394.11
24/04/2020;S-02;C-02;26684.21
24/04/2020;S-09;C-01;16302.74
24/04/2020;S-12;C-06;58485.24
25/04/2020;S-07;C-01;45014.5
25/04/2020;S-09;C-07;14768.77
26/04/2020;S-10;C-02;18061.5
27/04/2020;S-08;C-04;16682.15
27/04/2020;S-12;C-03;30467.28
28/04/2020;S-05;C-07;22030.93
28/04/2020;S-07;C-05;39847.35
28/04/2020;S-10;C-06;52694.97
29/04/2020;S-13;C-02;16158.85
30/04/2020;S-02;C-01;49523.76
30/04/2020;S-02;C-05;41235.17
30/04/2020;S-03;C-02;58436.6
30/04/2020;S-03;C-07;28713.89
30/04/2020;S-04;C-05;25291.98
30/04/2020;S-05;C-02;27287.41
30/04/2020;S-08;C-03;35860.14
30/04/2020;S-08;C-06;49250.22
30/04/2020;S-08;C-07;30517.87
30/04/2020;S-09;C-07;53171.47
30/04/2020;S-10;C-05;53567.61
30/04/2020;S-10;C-07;45740.75
30/04/2020;S-11;C-02;55884.07
30/04/2020;S-12;C-02;50049.34
30/04/2020;S-13;C-04;56423.43
30/04/2020;S-15;C-06;37507.77
1/05/2020;S-07;C-02;29350.14
1/05/2020;S-10;C-06;34097.65
1/05/2020;S-11;C-07;14051.93
2/05/2020;S-03;C-02;51675.04
2/05/2020;S-10;C-04;45517.11
3/05/2020;S-13;C-03;17070.56
4/05/2020;S-01;C-02;36261.53
4/05/2020;S-06;C-04;26893.8
4/05/2020;S-14;C-06;38979.58
4/05/2020;S-15;C-04;51385.96
5/05/2020;S-02;C-07;37588.22
5/05/2020;S-08;C-01;36169.9
5/05/2020;S-13;C-02;51529.34
6/05/2020;S-11;C-04;14033.92
7/05/2020;S-07;C-02;13814.33
8/05/2020;S-01;C-03;43493.54
8/05/2020;S-05;C-01;41171.86
8/05/2020;S-08;C-02;33273.3
8/05/2020;S-11;C-06;58510.44
8/05/2020;S-13;C-05;16812.88
8/05/2020;S-15;C-01;37389.74
9/05/2020;S-03;C-04;46368.34
9/05/2020;S-09;C-04;58385.64
9/05/2020;S-09;C-07;28318.26
9/05/2020;S-14;C-03;37394.15
10/05/2020;S-01;C-02;50029.76
11/05/2020;S-15;C-06;24920.18
12/05/2020;S-11;C-04;37369.36
13/05/2020;S-02;C-03;51644.66
13/05/2020;S-08;C-07;30081.44
13/05/2020;S-10;C-07;51522.45
14/05/2020;S-05;C-03;39630.09
15/05/2020;S-01;C-06;55514.94
15/05/2020;S-01;C-07;10651.46
15/05/2020;S-04;C-01;43109.19
15/05/2020;S-05;C-02;55606.75
16/05/2020;S-08;C-02;53769.83
16/05/2020;S-09;C-07;13324.63
17/05/2020;S-09;C-01;31021.44
17/05/2020;S-10;C-02;34090.97
18/05/2020;S-04;C-02;23868.52
18/05/2020;S-06;C-01;58872.87
19/05/2020;S-08;C-07;33821.95
20/05/2020;S-04;C-03;20307.89
20/05/2020;S-05;C-05;14193.28
20/05/2020;S-11;C-03;26923.19
21/05/2020;S-03;C-05;48160.55
22/05/2020;S-04;C-06;52924.48
22/05/2020;S-05;C-03;17175.09
22/05/2020;S-06;C-07;20306.71
22/05/2020;S-09;C-02;22518.6
22/05/2020;S-09;C-07;21822.32
23/05/2020;S-03;C-04;12226.44
24/05/2020;S-01;C-02;34449.9
24/05/2020;S-03;C-03;11226.19
24/05/2020;S-08;C-05;15490.16
25/05/2020;S-05;C-01;37428.21
26/05/2020;S-04;C-07;30342.58
27/05/2020;S-02;C-05;10792.43
27/05/2020;S-05;C-04;45493.7
27/05/2020;S-07;C-01;37673.48
27/05/2020;S-08;C-04;46759.92
27/05/2020;S-08;C-07;29858.55
27/05/2020;S-10;C-01;50932.06
27/05/2020;S-11;C-07;51549.66
27/05/2020;S-13;C-03;56215.74
27/05/2020;S-14;C-06;28045.57
27/05/2020;S-14;C-07;18446.12
28/05/2020;S-01;C-03;22649.58
28/05/2020;S-09;C-06;32303.82
28/05/2020;S-10;C-07;19718.53
28/05/2020;S-11;C-07;39268.3
28/05/2020;S-13;C-02;15633.84
28/05/2020;S-15;C-01;58686.7
29/05/2020;S-11;C-03;30022.11
29/05/2020;S-13;C-07;27576.8
30/05/2020;S-10;C-05;41648.35
31/05/2020;S-03;C-07;12630.91
31/05/2020;S-05;C-02;41111.91
31/05/2020;S-07;C-02;55214.79
31/05/2020;S-09;C-02;55194.94
31/05/2020;S-14;C-06;15889.53
1/06/2020;S-02;C-01;12809.44
1/06/2020;S-02;C-03;28199.17
1/06/2020;S-02;C-05;21944.19
1/06/2020;S-05;C-02;25195.82
1/06/2020;S-06;C-03;24536.02
1/06/2020;S-08;C-03;12891.98
1/06/2020;S-09;C-03;57362.03
1/06/2020;S-10;C-04;48606.78
1/06/2020;S-11;C-03;35220.31
1/06/2020;S-11;C-04;20048.24
1/06/2020;S-12;C-03;52039.91
1/06/2020;S-14;C-02;22361.16
2/06/2020;S-01;C-02;20599.5
2/06/2020;S-01;C-04;16637.12
2/06/2020;S-03;C-02;59334.12
2/06/2020;S-04;C-01;27093.86
2/06/2020;S-04;C-02;23547.82
2/06/2020;S-07;C-02;25019
2/06/2020;S-08;C-05;44387.1
2/06/2020;S-11;C-01;48521.07
2/06/2020;S-12;C-04;52291.5
2/06/2020;S-12;C-07;15573.49
2/06/2020;S-14;C-01;54160.31
2/06/2020;S-15;C-04;16216.79
3/06/2020;S-01;C-07;49611.01
3/06/2020;S-13;C-03;41261.37
4/06/2020;S-05;C-03;37566.52
4/06/2020;S-05;C-06;30538.66
4/06/2020;S-08;C-01;30725.82
4/06/2020;S-14;C-05;14674.58
5/06/2020;S-05;C-06;11104.53
6/06/2020;S-01;C-07;32993.83
7/06/2020;S-01;C-01;43065.13
7/06/2020;S-03;C-04;18366.44
7/06/2020;S-08;C-07;23608.19
8/06/2020;S-09;C-04;35392.86
9/06/2020;S-02;C-03;23967.14
9/06/2020;S-02;C-05;59648.39
9/06/2020;S-03;C-07;23353.41
9/06/2020;S-04;C-02;19829.21
9/06/2020;S-05;C-01;59039.25
9/06/2020;S-06;C-03;19377.48
9/06/2020;S-07;C-05;15562.57
9/06/2020;S-10;C-05;50231.46
9/06/2020;S-11;C-06;39701.99
9/06/2020;S-12;C-01;25374.65
10/06/2020;S-10;C-02;40906.07
11/06/2020;S-03;C-05;21215.44
11/06/2020;S-05;C-01;55402.47
11/06/2020;S-13;C-06;53542.34
12/06/2020;S-03;C-01;57026.54
12/06/2020;S-04;C-02;16434.76
12/06/2020;S-07;C-05;53514.94
12/06/2020;S-09;C-05;57638.1
13/06/2020;S-01;C-02;43687.73
13/06/2020;S-07;C-03;12603.74
13/06/2020;S-08;C-02;26412.15
13/06/2020;S-09;C-04;15065.2
13/06/2020;S-14;C-01;32759.48
14/06/2020;S-06;C-01;44726.64
14/06/2020;S-13;C-06;59853.18
14/06/2020;S-14;C-07;21074.59
15/06/2020;S-08;C-03;35307.15
16/06/2020;S-02;C-01;19883.59
16/06/2020;S-04;C-05;41383.67
16/06/2020;S-06;C-01;41783.1
16/06/2020;S-06;C-04;39240.91
16/06/2020;S-09;C-06;50863.03
16/06/2020;S-13;C-04;30231.97
16/06/2020;S-15;C-06;42422.01
17/06/2020;S-04;C-02;53163.29
17/06/2020;S-07;C-01;14982.68
18/06/2020;S-02;C-05;57962.98
18/06/2020;S-07;C-02;19903.67
18/06/2020;S-07;C-05;52386.87
18/06/2020;S-11;C-04;31822.87
18/06/2020;S-11;C-06;37868.64
18/06/2020;S-14;C-02;25178.78
18/06/2020;S-15;C-02;25987.91
19/06/2020;S-15;C-07;34463.95
20/06/2020;S-09;C-02;43641.08
20/06/2020;S-14;C-02;20608.69
21/06/2020;S-01;C-02;14168.06
21/06/2020;S-06;C-01;12964.31
21/06/2020;S-06;C-02;28135.12
21/06/2020;S-07;C-01;43040.19
21/06/2020;S-10;C-02;52000.11
21/06/2020;S-10;C-05;56641.42
21/06/2020;S-11;C-06;27393.38
21/06/2020;S-14;C-01;50778.14
22/06/2020;S-15;C-07;51792.44
23/06/2020;S-04;C-05;45159.59
24/06/2020;S-03;C-07;45759.23
24/06/2020;S-04;C-05;13932.03
24/06/2020;S-07;C-01;41251.14
24/06/2020;S-10;C-02;33058.18
24/06/2020;S-11;C-05;55242.86
24/06/2020;S-12;C-02;57936
24/06/2020;S-15;C-05;33278.94
25/06/2020;S-08;C-07;55360.09
25/06/2020;S-12;C-02;26120.07
26/06/2020;S-06;C-01;16948.73
26/06/2020;S-06;C-03;32486.14
26/06/2020;S-06;C-04;45013.75
26/06/2020;S-08;C-04;16232.13
26/06/2020;S-14;C-03;30437.11
27/06/2020;S-01;C-01;28802.85
27/06/2020;S-10;C-02;36640.43
27/06/2020;S-10;C-03;23914.62
27/06/2020;S-12;C-05;44062.5
27/06/2020;S-14;C-04;30086.48
28/06/2020;S-01;C-06;58985.94
29/06/2020;S-01;C-01;50811.28
29/06/2020;S-05;C-04;55036.02
29/06/2020;S-05;C-05;54505.76
29/06/2020;S-06;C-03;57277.55
29/06/2020;S-07;C-03;42107.3
29/06/2020;S-08;C-01;59298.53
29/06/2020;S-12;C-04;12443.86
29/06/2020;S-15;C-04;47593.62
30/06/2020;S-01;C-02;35649.23
1/07/2020;S-01;C-01;35334.57
1/07/2020;S-05;C-02;18605.68
1/07/2020;S-13;C-03;47351.03
1/07/2020;S-15;C-06;27835.41
2/07/2020;S-12;C-03;42290.23
3/07/2020;S-03;C-04;47035.96
3/07/2020;S-07;C-02;29439.15
4/07/2020;S-06;C-01;33655.46
4/07/2020;S-11;C-02;40971.03
4/07/2020;S-11;C-05;35771.97
4/07/2020;S-12;C-03;59850.95
4/07/2020;S-13;C-02;21774.92
5/07/2020;S-01;C-03;44830.88
5/07/2020;S-01;C-06;46598.54
5/07/2020;S-03;C-06;12260.64
5/07/2020;S-04;C-06;44449.55
5/07/2020;S-06;C-04;35986.16
5/07/2020;S-08;C-05;13200.63
5/07/2020;S-15;C-04;49012.9
6/07/2020;S-01;C-05;26961.96
6/07/2020;S-02;C-01;49792.32
6/07/2020;S-03;C-02;38172.35
6/07/2020;S-05;C-02;59271.73
6/07/2020;S-07;C-06;21092.36
6/07/2020;S-08;C-02;47075.29
6/07/2020;S-15;C-06;14782.61
7/07/2020;S-08;C-01;40514.97
8/07/2020;S-04;C-01;18082.35
9/07/2020;S-08;C-04;14935.68
10/07/2020;S-04;C-07;57581.04
10/07/2020;S-07;C-01;34149.04
10/07/2020;S-15;C-01;17552.94
10/07/2020;S-15;C-02;52570.95
11/07/2020;S-01;C-06;13122.11
11/07/2020;S-02;C-07;31930.62
11/07/2020;S-03;C-05;11162.83
11/07/2020;S-03;C-06;14534.11
11/07/2020;S-07;C-03;24683.97
11/07/2020;S-08;C-01;38868.9
11/07/2020;S-08;C-06;50883.71
11/07/2020;S-10;C-05;54887.27
11/07/2020;S-11;C-05;42631.34
12/07/2020;S-01;C-04;44095.37
12/07/2020;S-01;C-05;23820.35
12/07/2020;S-03;C-04;40050.25
12/07/2020;S-03;C-06;55550.76
12/07/2020;S-05;C-02;25230.53
12/07/2020;S-05;C-07;31298.63
12/07/2020;S-06;C-01;21671.43
12/07/2020;S-08;C-01;15264.47
12/07/2020;S-14;C-03;35802.72
13/07/2020;S-01;C-05;49929.86
13/07/2020;S-02;C-02;34285.89
13/07/2020;S-03;C-03;44772.45
13/07/2020;S-09;C-04;55411.1
13/07/2020;S-10;C-03;41468.63
13/07/2020;S-10;C-04;30150.4
13/07/2020;S-10;C-07;41534.64
13/07/2020;S-11;C-02;36062.91
13/07/2020;S-13;C-01;54394.3
13/07/2020;S-15;C-02;16969.65
14/07/2020;S-03;C-04;31687.99
14/07/2020;S-04;C-06;23795.59
14/07/2020;S-12;C-03;39070.02
14/07/2020;S-15;C-04;42816.74
15/07/2020;S-11;C-07;43476.37
16/07/2020;S-09;C-04;52315.32
17/07/2020;S-09;C-06;48561.27
17/07/2020;S-11;C-05;47083.95
18/07/2020;S-01;C-06;46223.84
18/07/2020;S-02;C-07;17292.53
18/07/2020;S-06;C-07;57181.48
18/07/2020;S-07;C-04;40688.06
18/07/2020;S-13;C-05;25446.9
19/07/2020;S-01;C-01;27427.83
19/07/2020;S-08;C-04;32657.22
19/07/2020;S-11;C-04;16487.41
19/07/2020;S-12;C-03;39269.98
19/07/2020;S-14;C-02;38223.08
19/07/2020;S-14;C-03;42235.31
19/07/2020;S-14;C-07;50928.02
20/07/2020;S-04;C-06;29232.84
21/07/2020;S-08;C-06;31605.77
21/07/2020;S-11;C-03;16775.1
21/07/2020;S-13;C-03;32408.85
22/07/2020;S-03;C-06;30994.08
22/07/2020;S-05;C-01;23252.2
22/07/2020;S-05;C-02;20087.22
22/07/2020;S-06;C-01;39884.66
22/07/2020;S-07;C-04;25877.15
22/07/2020;S-08;C-01;55448.91
22/07/2020;S-08;C-03;29505.37
22/07/2020;S-09;C-01;53225.52
22/07/2020;S-10;C-02;21169.73
22/07/2020;S-13;C-07;41333.79
22/07/2020;S-14;C-05;41648.67
23/07/2020;S-02;C-03;17958.9
23/07/2020;S-02;C-07;38398.42
23/07/2020;S-04;C-04;13895.51
23/07/2020;S-04;C-07;27536.88
23/07/2020;S-06;C-03;29231.35
23/07/2020;S-08;C-07;42589.37
24/07/2020;S-01;C-04;24834.99
24/07/2020;S-05;C-07;33182.54
24/07/2020;S-09;C-06;19054.61
24/07/2020;S-11;C-01;48809.69
25/07/2020;S-01;C-03;58800.16
25/07/2020;S-04;C-01;32540.79
25/07/2020;S-07;C-07;33197.96
25/07/2020;S-08;C-01;38916.3
25/07/2020;S-08;C-06;37133.99
25/07/2020;S-09;C-02;36821.41
25/07/2020;S-12;C-06;56381.52
25/07/2020;S-14;C-04;53864.85
26/07/2020;S-02;C-04;23739.66
26/07/2020;S-06;C-04;46773.85
26/07/2020;S-07;C-03;31146.74
26/07/2020;S-08;C-06;41919.63
26/07/2020;S-15;C-06;51536
27/07/2020;S-06;C-02;54047.9
27/07/2020;S-11;C-06;58797.73
27/07/2020;S-14;C-03;38115.66
28/07/2020;S-03;C-01;51215.32
28/07/2020;S-08;C-04;43081.44
28/07/2020;S-15;C-01;46521.5
29/07/2020;S-12;C-01;13254.69
29/07/2020;S-12;C-07;15941.32
29/07/2020;S-15;C-04;57762.64
30/07/2020;S-02;C-06;43333.54
30/07/2020;S-02;C-07;27667.61
30/07/2020;S-04;C-02;39518.56
30/07/2020;S-14;C-07;46156.16
31/07/2020;S-02;C-04;17276.15
31/07/2020;S-08;C-06;12397.86
1/08/2020;S-06;C-03;12328.8
1/08/2020;S-10;C-05;23510.2
1/08/2020;S-12;C-04;53629.76
1/08/2020;S-13;C-02;53776.44
1/08/2020;S-13;C-07;27372.3
2/08/2020;S-06;C-07;43144.39
3/08/2020;S-12;C-03;46046.12
4/08/2020;S-10;C-01;53632.34
4/08/2020;S-13;C-06;39652.45
5/08/2020;S-15;C-04;31261.65
6/08/2020;S-07;C-01;23091.48
7/08/2020;S-01;C-02;22680.54
7/08/2020;S-01;C-04;27750.8
7/08/2020;S-01;C-06;29947.04
7/08/2020;S-02;C-03;48510.95
7/08/2020;S-02;C-06;10424.11
7/08/2020;S-03;C-04;48584.08
7/08/2020;S-05;C-03;46525.64
7/08/2020;S-09;C-01;52767.8
7/08/2020;S-09;C-03;51640.97
7/08/2020;S-14;C-01;18663.61
7/08/2020;S-14;C-03;53157.45
8/08/2020;S-11;C-01;30570.7
8/08/2020;S-14;C-03;29770.37
9/08/2020;S-02;C-07;48825.39
9/08/2020;S-03;C-04;30490.35
9/08/2020;S-10;C-02;10541.39
9/08/2020;S-13;C-04;19149.28
10/08/2020;S-12;C-02;45064.59
10/08/2020;S-14;C-04;48179.11
11/08/2020;S-04;C-06;43912.37
11/08/2020;S-11;C-07;50653.61
12/08/2020;S-04;C-06;16497.5
12/08/2020;S-06;C-01;36669.63
12/08/2020;S-09;C-05;59924.61
12/08/2020;S-14;C-01;38144.05
12/08/2020;S-15;C-06;56725.58
13/08/2020;S-01;C-02;42205.91
13/08/2020;S-03;C-03;10746.29
14/08/2020;S-02;C-01;20400.62
15/08/2020;S-03;C-05;59958.57
15/08/2020;S-06;C-01;37248.27
15/08/2020;S-07;C-02;48731.37
15/08/2020;S-12;C-04;48029.22
15/08/2020;S-14;C-06;36603.61
15/08/2020;S-15;C-07;22984.56
16/08/2020;S-04;C-05;59666.43
16/08/2020;S-06;C-06;30556.12
16/08/2020;S-12;C-01;12404.55
17/08/2020;S-08;C-03;39893.82
17/08/2020;S-09;C-04;43055.56
17/08/2020;S-12;C-01;49733.85
17/08/2020;S-14;C-01;29139.34
17/08/2020;S-15;C-06;58994.94
18/08/2020;S-01;C-06;20959.19
18/08/2020;S-04;C-03;29654.12
18/08/2020;S-07;C-07;34551.8
18/08/2020;S-11;C-03;43251.16
19/08/2020;S-08;C-04;18743.2
19/08/2020;S-14;C-06;50750.83
20/08/2020;S-01;C-02;44423.89
20/08/2020;S-01;C-06;28178.18
20/08/2020;S-06;C-02;59472.08
20/08/2020;S-09;C-06;26972.24
20/08/2020;S-10;C-03;51846.87
21/08/2020;S-02;C-02;53102.24
21/08/2020;S-04;C-06;15658.39
21/08/2020;S-05;C-02;44695.76
21/08/2020;S-06;C-02;52113.37
21/08/2020;S-06;C-05;21109.63
21/08/2020;S-08;C-03;31107.66
21/08/2020;S-10;C-03;31409.35
21/08/2020;S-11;C-01;20018.9
21/08/2020;S-11;C-02;48405.12
21/08/2020;S-14;C-05;57774.98
22/08/2020;S-02;C-01;12909.65
22/08/2020;S-04;C-05;19856.22
22/08/2020;S-10;C-03;57042.44
23/08/2020;S-01;C-03;15739.12
23/08/2020;S-02;C-03;20539.62
23/08/2020;S-03;C-03;41941.34
23/08/2020;S-04;C-05;30400.04
23/08/2020;S-05;C-07;15404.48
23/08/2020;S-06;C-04;28476.34
23/08/2020;S-08;C-03;24030.02
23/08/2020;S-09;C-02;33142.82
23/08/2020;S-12;C-05;48387.25
23/08/2020;S-13;C-01;15897.86
23/08/2020;S-15;C-07;26638.83
24/08/2020;S-01;C-07;20251.65
24/08/2020;S-10;C-05;58285.35
24/08/2020;S-10;C-07;44564.19
25/08/2020;S-13;C-02;34880.92
26/08/2020;S-01;C-04;53062.37
26/08/2020;S-01;C-06;27467
26/08/2020;S-02;C-01;21780.21
26/08/2020;S-04;C-03;48721.89
26/08/2020;S-06;C-05;58788.37
26/08/2020;S-08;C-01;17830.56
26/08/2020;S-09;C-05;23490
26/08/2020;S-10;C-01;32806.64
26/08/2020;S-10;C-02;32468.94
26/08/2020;S-13;C-06;18577.44
26/08/2020;S-14;C-02;22050.92
26/08/2020;S-15;C-03;13469.9
27/08/2020;S-10;C-06;18684.73
28/08/2020;S-02;C-07;19798.08
29/08/2020;S-01;C-05;53664.06
30/08/2020;S-04;C-02;36532.3
30/08/2020;S-09;C-01;20474.14
30/08/2020;S-10;C-04;54876.66
30/08/2020;S-12;C-05;57731.68
31/08/2020;S-03;C-02;56640.44
31/08/2020;S-10;C-06;55367.78
1/09/2020;S-01;C-06;39202.19
1/09/2020;S-03;C-04;38347.97
2/09/2020;S-05;C-04;10389.45
2/09/2020;S-10;C-06;27439.41
3/09/2020;S-07;C-06;20925.66
4/09/2020;S-10;C-03;25487.55
5/09/2020;S-05;C-02;52798.26
5/09/2020;S-10;C-03;33058.9
6/09/2020;S-02;C-03;43109.49
6/09/2020;S-02;C-07;41325.24
6/09/2020;S-03;C-07;44106.93
6/09/2020;S-06;C-03;33101.56
6/09/2020;S-12;C-06;52059.17
6/09/2020;S-13;C-06;38133.31
6/09/2020;S-14;C-02;42031.31
6/09/2020;S-14;C-05;50226.84
6/09/2020;S-15;C-06;42598.64
7/09/2020;S-02;C-06;59267.93
7/09/2020;S-08;C-03;41829
8/09/2020;S-14;C-02;18823.65
9/09/2020;S-01;C-01;16009.55
9/09/2020;S-03;C-04;14386.46
9/09/2020;S-05;C-03;54598.43
9/09/2020;S-05;C-06;44470.38
9/09/2020;S-06;C-02;49336.4
9/09/2020;S-06;C-03;16461.74
9/09/2020;S-06;C-05;21065.58
9/09/2020;S-08;C-02;18891.66
9/09/2020;S-10;C-07;41194.14
9/09/2020;S-13;C-05;55167.4
9/09/2020;S-14;C-04;25245.01
9/09/2020;S-14;C-05;41705.2
10/09/2020;S-01;C-01;39882.96
10/09/2020;S-03;C-03;13950.12
10/09/2020;S-10;C-02;14813.68
10/09/2020;S-13;C-03;16961.58
11/09/2020;S-04;C-07;34986.11
11/09/2020;S-05;C-06;52982.52
11/09/2020;S-06;C-01;19206.53
11/09/2020;S-06;C-04;45620.15
11/09/2020;S-12;C-03;45171.57
11/09/2020;S-14;C-07;35244.46
12/09/2020;S-01;C-02;34474.84
12/09/2020;S-05;C-04;41404.64
12/09/2020;S-09;C-05;56782.84
12/09/2020;S-14;C-02;20788.58
13/09/2020;S-01;C-06;10149.58
13/09/2020;S-02;C-06;32321.25
13/09/2020;S-05;C-03;46127.01
13/09/2020;S-05;C-07;52263.54
13/09/2020;S-06;C-06;21370.61
13/09/2020;S-07;C-02;45951.17
13/09/2020;S-07;C-03;49572.2
13/09/2020;S-07;C-04;23923.58
13/09/2020;S-10;C-02;10594.94
13/09/2020;S-10;C-06;38036.15
13/09/2020;S-11;C-05;16767.51
13/09/2020;S-12;C-02;45886.1
13/09/2020;S-12;C-05;34663.94
13/09/2020;S-13;C-01;53512.46
13/09/2020;S-13;C-02;16617.88
13/09/2020;S-13;C-03;36638.1
13/09/2020;S-14;C-03;40221.86
13/09/2020;S-14;C-04;47769.04
13/09/2020;S-14;C-07;31896.41
14/09/2020;S-09;C-05;19838.33
14/09/2020;S-14;C-06;18091.05
15/09/2020;S-06;C-02;14506.1
15/09/2020;S-07;C-06;37379.85
16/09/2020;S-12;C-06;12152.65
16/09/2020;S-14;C-05;29535.32
16/09/2020;S-15;C-02;25341.69
17/09/2020;S-13;C-01;50955.27
18/09/2020;S-01;C-06;42445.91
18/09/2020;S-05;C-02;51419.06
18/09/2020;S-09;C-04;20650.05
19/09/2020;S-01;C-07;36942.47
19/09/2020;S-02;C-04;59735.97
19/09/2020;S-02;C-05;57112.49
19/09/2020;S-02;C-06;59988.54
19/09/2020;S-03;C-06;48633.34
19/09/2020;S-06;C-05;40115.8
19/09/2020;S-06;C-06;53528.17
19/09/2020;S-08;C-01;16151.86
19/09/2020;S-09;C-03;15279.21
19/09/2020;S-09;C-04;30101.45
19/09/2020;S-10;C-01;36460.22
19/09/2020;S-11;C-01;23075.66
19/09/2020;S-12;C-01;57394.19
19/09/2020;S-14;C-01;13211.03
19/09/2020;S-15;C-07;43636.14
20/09/2020;S-10;C-01;41226.84
21/09/2020;S-03;C-05;26102.16
21/09/2020;S-12;C-07;54783.1
22/09/2020;S-08;C-05;29193.43
22/09/2020;S-14;C-02;16127.28
23/09/2020;S-08;C-01;54971.77
24/09/2020;S-08;C-04;51121.9
24/09/2020;S-09;C-01;37097.98
24/09/2020;S-10;C-05;55906.16
24/09/2020;S-10;C-06;27903.8
24/09/2020;S-14;C-06;39627.2
25/09/2020;S-03;C-01;13808.07
25/09/2020;S-03;C-04;47719.74
25/09/2020;S-06;C-06;41533.2
25/09/2020;S-09;C-02;30087.92
25/09/2020;S-10;C-02;57152.53
25/09/2020;S-11;C-05;23031.47
25/09/2020;S-14;C-06;41115.43
26/09/2020;S-01;C-04;40657.86
26/09/2020;S-02;C-05;51888.19
26/09/2020;S-02;C-06;25197.96
26/09/2020;S-04;C-07;25494.41
26/09/2020;S-06;C-06;41146.08
26/09/2020;S-08;C-06;46076.1
26/09/2020;S-09;C-05;13920.86
26/09/2020;S-10;C-06;31523.47
26/09/2020;S-10;C-07;17835.89
26/09/2020;S-11;C-05;29390.47
26/09/2020;S-12;C-03;58800.86
26/09/2020;S-15;C-03;11076.68
27/09/2020;S-09;C-03;59778.74
28/09/2020;S-01;C-06;57114.29
28/09/2020;S-01;C-07;46492.91
28/09/2020;S-02;C-01;53002.25
28/09/2020;S-02;C-03;39687.94
28/09/2020;S-03;C-01;59432.46
28/09/2020;S-03;C-06;56731.9
28/09/2020;S-04;C-05;44914.05
28/09/2020;S-04;C-06;12787.29
28/09/2020;S-06;C-02;54167.85
28/09/2020;S-06;C-03;10396.66
28/09/2020;S-07;C-05;40094.78
28/09/2020;S-08;C-07;30078.49
28/09/2020;S-09;C-04;42290.44
28/09/2020;S-10;C-01;42008.52
28/09/2020;S-10;C-07;35212.06
28/09/2020;S-11;C-06;58809.44
28/09/2020;S-13;C-01;59518.29
28/09/2020;S-15;C-01;13733.03
29/09/2020;S-01;C-07;15988.41
29/09/2020;S-03;C-04;45987.31
29/09/2020;S-03;C-06;18260.18
29/09/2020;S-07;C-06;10024.52
29/09/2020;S-10;C-02;53910.77
29/09/2020;S-12;C-02;58242.74
29/09/2020;S-13;C-03;35014.72
29/09/2020;S-13;C-06;46928.87
29/09/2020;S-15;C-04;11432.49
30/09/2020;S-01;C-06;34185.07
30/09/2020;S-13;C-01;57792.21
30/09/2020;S-13;C-07;52803.73
30/09/2020;S-15;C-05;46783.72
1/10/2020;S-02;C-03;25867.07
1/10/2020;S-10;C-02;37662.53
2/10/2020;S-01;C-01;44906.7
2/10/2020;S-01;C-06;12308.36
2/10/2020;S-04;C-03;22972.17
3/10/2020;S-02;C-07;15385.77
3/10/2020;S-08;C-06;15623.41
4/10/2020;S-15;C-05;53858.67
5/10/2020;S-14;C-07;29747.99
6/10/2020;S-04;C-07;16471.63
6/10/2020;S-11;C-03;10923.15
7/10/2020;S-01;C-02;36720.16
7/10/2020;S-04;C-04;30677.48
7/10/2020;S-04;C-07;36461.24
8/10/2020;S-03;C-02;54855.74
8/10/2020;S-07;C-01;21262.79
8/10/2020;S-10;C-05;29175.74
8/10/2020;S-11;C-03;51496.2
9/10/2020;S-02;C-07;23047.59
9/10/2020;S-04;C-02;46158.43
9/10/2020;S-06;C-03;13354.3
10/10/2020;S-06;C-01;38357.4
11/10/2020;S-02;C-07;48936.66
11/10/2020;S-03;C-04;48106.26
11/10/2020;S-04;C-02;12787.36
11/10/2020;S-07;C-03;10320.75
12/10/2020;S-01;C-02;51166.41
12/10/2020;S-10;C-03;29667.9
12/10/2020;S-11;C-02;23797.98
12/10/2020;S-11;C-05;37851.28
13/10/2020;S-07;C-06;54293.86
14/10/2020;S-02;C-06;10082.59
15/10/2020;S-01;C-01;45043.04
15/10/2020;S-04;C-04;44281.66
16/10/2020;S-13;C-04;36847.33
17/10/2020;S-01;C-04;30658.66
17/10/2020;S-02;C-06;12140.09
17/10/2020;S-09;C-02;10768.99
18/10/2020;S-03;C-06;49373.76
19/10/2020;S-01;C-07;27537.32
19/10/2020;S-10;C-03;21539.25
20/10/2020;S-02;C-01;33498.93
20/10/2020;S-04;C-04;35074.46
20/10/2020;S-09;C-01;46080.24
20/10/2020;S-13;C-02;48209.6
20/10/2020;S-13;C-04;26199.62
20/10/2020;S-15;C-04;27261.41
21/10/2020;S-04;C-02;10028.46
21/10/2020;S-08;C-03;42390.1
21/10/2020;S-08;C-05;10181.21
21/10/2020;S-09;C-01;51504.61
21/10/2020;S-10;C-03;37929.61
21/10/2020;S-12;C-06;29320.01
22/10/2020;S-03;C-02;27239.62
22/10/2020;S-14;C-03;55932.18
23/10/2020;S-07;C-02;49671.17
23/10/2020;S-11;C-07;36307.1
23/10/2020;S-15;C-03;58966.28
24/10/2020;S-02;C-01;56641.63
24/10/2020;S-04;C-04;58112.06
24/10/2020;S-09;C-05;28128.48
24/10/2020;S-10;C-03;16611.37
24/10/2020;S-12;C-01;48377.2
24/10/2020;S-13;C-07;17016.68
24/10/2020;S-15;C-03;26529.93
25/10/2020;S-01;C-03;49356.25
25/10/2020;S-03;C-03;56356.7
25/10/2020;S-04;C-02;18219.14
25/10/2020;S-04;C-03;36260.61
25/10/2020;S-04;C-04;58634.98
25/10/2020;S-04;C-07;39594.68
25/10/2020;S-08;C-07;19777.44
25/10/2020;S-10;C-07;24731.89
25/10/2020;S-13;C-05;26370.75
25/10/2020;S-13;C-06;48538.57
26/10/2020;S-01;C-01;28429.89
26/10/2020;S-04;C-07;55809.59
26/10/2020;S-06;C-04;52990.14
26/10/2020;S-07;C-06;12034.81
26/10/2020;S-10;C-04;39075.79
26/10/2020;S-10;C-05;25371.39
26/10/2020;S-13;C-04;29809.46
26/10/2020;S-13;C-06;48166.81
27/10/2020;S-01;C-04;43773.31
27/10/2020;S-07;C-05;57556.74
28/10/2020;S-06;C-02;26312.75
28/10/2020;S-07;C-07;10574.58
29/10/2020;S-08;C-05;17762.7
30/10/2020;S-13;C-05;51413.58
31/10/2020;S-05;C-05;36381.22
31/10/2020;S-06;C-02;20453.92
31/10/2020;S-08;C-07;52730.46
31/10/2020;S-09;C-03;17281.15
1/11/2020;S-03;C-02;22140.2
2/11/2020;S-09;C-06;30598.48
3/11/2020;S-01;C-05;13773.35
3/11/2020;S-08;C-06;56209
3/11/2020;S-10;C-06;50993.46
3/11/2020;S-11;C-01;21204.19
3/11/2020;S-13;C-07;31466.45
4/11/2020;S-02;C-01;20535.13
5/11/2020;S-13;C-03;35694.91
6/11/2020;S-01;C-07;25960.26
6/11/2020;S-03;C-02;28224.15
6/11/2020;S-07;C-07;12744.78
6/11/2020;S-09;C-01;21321.42
6/11/2020;S-10;C-06;34942.23
6/11/2020;S-11;C-01;32567.61
7/11/2020;S-03;C-02;44124.27
7/11/2020;S-08;C-07;46106.14
7/11/2020;S-15;C-02;26083.97
8/11/2020;S-01;C-02;10523.07
8/11/2020;S-05;C-01;38179.22
8/11/2020;S-06;C-03;54520.37
8/11/2020;S-08;C-04;14895.42
8/11/2020;S-09;C-03;32240.18
8/11/2020;S-09;C-05;46286.89
8/11/2020;S-10;C-01;40408.09
8/11/2020;S-13;C-04;19618.79
8/11/2020;S-14;C-06;38535.63
8/11/2020;S-15;C-02;52060.84
9/11/2020;S-13;C-06;48291.64
9/11/2020;S-15;C-01;13666
10/11/2020;S-05;C-06;36157.57
11/11/2020;S-02;C-05;41713.78
11/11/2020;S-09;C-07;30900.06
11/11/2020;S-12;C-05;19536.88
12/11/2020;S-02;C-05;58957.43
12/11/2020;S-03;C-01;20619.9
12/11/2020;S-09;C-01;17047.6
13/11/2020;S-05;C-02;53845.55
13/11/2020;S-07;C-03;28971.36
13/11/2020;S-07;C-07;55717
13/11/2020;S-09;C-07;53681.91
13/11/2020;S-12;C-06;36467.66
14/11/2020;S-04;C-05;21497.56
14/11/2020;S-05;C-04;22192.96
14/11/2020;S-07;C-04;52830.22
14/11/2020;S-07;C-07;40249.57
14/11/2020;S-10;C-07;55367.83
14/11/2020;S-14;C-02;41380.29
14/11/2020;S-14;C-03;55052.62
14/11/2020;S-15;C-01;10916.83
15/11/2020;S-02;C-04;22541.07
15/11/2020;S-04;C-02;48486.96
15/11/2020;S-06;C-03;20915.77
15/11/2020;S-10;C-07;18077.9
15/11/2020;S-11;C-06;49246.95
15/11/2020;S-13;C-04;32810.29
16/11/2020;S-06;C-02;18987.87
17/11/2020;S-14;C-03;57230.27
18/11/2020;S-01;C-05;36675.34
18/11/2020;S-05;C-06;14953.21
18/11/2020;S-08;C-01;42219.85
18/11/2020;S-11;C-02;46364.45
19/11/2020;S-09;C-04;17226.21
19/11/2020;S-10;C-05;19736.99
19/11/2020;S-14;C-03;20914.64
20/11/2020;S-01;C-03;56892.72
20/11/2020;S-05;C-01;28258.77
20/11/2020;S-06;C-06;59999.78
20/11/2020;S-09;C-03;43173.49
20/11/2020;S-12;C-02;34177.29
20/11/2020;S-13;C-05;25650.53
20/11/2020;S-15;C-05;35155.21
21/11/2020;S-03;C-05;37073.41
21/11/2020;S-04;C-01;13615.58
21/11/2020;S-04;C-06;34625.43
21/11/2020;S-13;C-04;24170.3
22/11/2020;S-03;C-03;19492.41
22/11/2020;S-05;C-04;18226.39
22/11/2020;S-08;C-02;16145.97
22/11/2020;S-11;C-07;14047.82
22/11/2020;S-13;C-01;10731.42
22/11/2020;S-13;C-03;52734.45
22/11/2020;S-14;C-07;34676.2
22/11/2020;S-15;C-04;49806.16
23/11/2020;S-06;C-05;16210.11
23/11/2020;S-08;C-03;28980.32
24/11/2020;S-01;C-01;44523.35
24/11/2020;S-01;C-04;23305.35
24/11/2020;S-02;C-01;10177.29
24/11/2020;S-04;C-05;47422.83
24/11/2020;S-06;C-01;19617.37
24/11/2020;S-06;C-05;47737.43
24/11/2020;S-09;C-04;29265.82
24/11/2020;S-09;C-05;34088.45
24/11/2020;S-09;C-06;21612.36
24/11/2020;S-14;C-01;45359.75
24/11/2020;S-15;C-02;51947.94
25/11/2020;S-10;C-03;19603.29
26/11/2020;S-01;C-02;38543
26/11/2020;S-06;C-03;49487.84
26/11/2020;S-07;C-01;25494.2
26/11/2020;S-07;C-06;45061.77
26/11/2020;S-09;C-05;43356.44
26/11/2020;S-09;C-07;34598.18
26/11/2020;S-10;C-06;32463.27
26/11/2020;S-11;C-02;45970.19
26/11/2020;S-12;C-02;34123.33
27/11/2020;S-06;C-05;21446.59
27/11/2020;S-11;C-01;16548.64
27/11/2020;S-14;C-03;24736.95
27/11/2020;S-14;C-05;29653.62
27/11/2020;S-15;C-03;28146.53
28/11/2020;S-14;C-04;19810.65
29/11/2020;S-01;C-03;43257.98
29/11/2020;S-07;C-04;33669.42
30/11/2020;S-02;C-02;17660.46
1/12/2020;S-02;C-04;48677.08
2/12/2020;S-02;C-01;57335.91
2/12/2020;S-04;C-02;18358.96
2/12/2020;S-08;C-03;59955.2
2/12/2020;S-11;C-07;22086.95
2/12/2020;S-12;C-06;47614.21
2/12/2020;S-13;C-05;38244.52
3/12/2020;S-15;C-01;46418
4/12/2020;S-03;C-05;22856.03
4/12/2020;S-04;C-06;51851.79
4/12/2020;S-09;C-03;45456.73
4/12/2020;S-15;C-02;44129.89
5/12/2020;S-13;C-07;59129.99
6/12/2020;S-07;C-05;33130.55
6/12/2020;S-13;C-01;52933.57
6/12/2020;S-13;C-06;50256
7/12/2020;S-09;C-03;14540.36
7/12/2020;S-09;C-07;20246.88
7/12/2020;S-13;C-01;19865.43
8/12/2020;S-05;C-04;12701.05
8/12/2020;S-07;C-07;14322.25
8/12/2020;S-08;C-06;55043.79
9/12/2020;S-01;C-06;11194.88
9/12/2020;S-04;C-03;11040.04
10/12/2020;S-06;C-03;54847.14
10/12/2020;S-06;C-07;21212.21
10/12/2020;S-11;C-01;47864.89
11/12/2020;S-01;C-04;25002.92
12/12/2020;S-02;C-02;17515.41
12/12/2020;S-02;C-07;51168.36
12/12/2020;S-05;C-06;50724.07
12/12/2020;S-07;C-04;14318.79
12/12/2020;S-08;C-02;51777.68
12/12/2020;S-12;C-06;36551.66
13/12/2020;S-07;C-01;29583.6
13/12/2020;S-15;C-01;11978.6
14/12/2020;S-02;C-02;38262.87
14/12/2020;S-05;C-07;23394.84
14/12/2020;S-08;C-04;15118.51
14/12/2020;S-15;C-07;32837.14
15/12/2020;S-07;C-04;38130.7
16/12/2020;S-15;C-04;54767.9
17/12/2020;S-02;C-04;48335.01
17/12/2020;S-06;C-05;27668.4
17/12/2020;S-06;C-07;17334.64
17/12/2020;S-09;C-02;14302.79
18/12/2020;S-02;C-04;58286.76
18/12/2020;S-04;C-02;56740.57
18/12/2020;S-05;C-02;38102
18/12/2020;S-08;C-05;17900.74
19/12/2020;S-04;C-04;50429.22
20/12/2020;S-10;C-05;54576.48
21/12/2020;S-03;C-03;11142.76
22/12/2020;S-05;C-03;31402.89
23/12/2020;S-07;C-01;43790.97
23/12/2020;S-10;C-05;23466.46
23/12/2020;S-13;C-01;23134.33
24/12/2020;S-01;C-01;43486.3
24/12/2020;S-01;C-02;40051.38
24/12/2020;S-05;C-02;49747.61
24/12/2020;S-05;C-03;39376.33
24/12/2020;S-05;C-06;19272.67
24/12/2020;S-12;C-02;31141.76
24/12/2020;S-14;C-06;44133.86
24/12/2020;S-15;C-06;24675.41
25/12/2020;S-02;C-07;11819.92
25/12/2020;S-03;C-06;29684.57
25/12/2020;S-05;C-01;43202.92
25/12/2020;S-07;C-03;31290.03
25/12/2020;S-09;C-04;10381.78
25/12/2020;S-10;C-03;21003.78
25/12/2020;S-10;C-06;23012.11
26/12/2020;S-07;C-04;32786.52
26/12/2020;S-08;C-02;53404.52
26/12/2020;S-09;C-01;10492.75
26/12/2020;S-11;C-07;56109.98
26/12/2020;S-14;C-03;11059.65
26/12/2020;S-15;C-07;17463.54
27/12/2020;S-03;C-02;23736.79
27/12/2020;S-07;C-05;49849.33
27/12/2020;S-08;C-03;27721.03
27/12/2020;S-10;C-04;28397.47
27/12/2020;S-10;C-05;56929.06
27/12/2020;S-14;C-07;13702.21
27/12/2020;S-15;C-05;10659.8
28/12/2020;S-03;C-02;31539.2
28/12/2020;S-06;C-07;34952.03
28/12/2020;S-07;C-01;53317.64
28/12/2020;S-09;C-01;36149.9
28/12/2020;S-09;C-05;13536.11
28/12/2020;S-09;C-07;53314.99
29/12/2020;S-01;C-03;12346.75
29/12/2020;S-03;C-06;16280.03
29/12/2020;S-06;C-05;30298.27
29/12/2020;S-09;C-04;58101.25
29/12/2020;S-09;C-06;46473.95
29/12/2020;S-14;C-06;17488.24
30/12/2020;S-13;C-06;31149.27
30/12/2020;S-15;C-07;59060.69
31/12/2020;S-08;C-01;52417.69
1/01/2021;S-01;C-02;39446.24
1/01/2021;S-05;C-01;12673.56
1/01/2021;S-10;C-06;24944.1
2/01/2021;S-02;C-01;43135.24
2/01/2021;S-03;C-07;47093.21
2/01/2021;S-06;C-04;52625.04
2/01/2021;S-12;C-04;27259.53
2/01/2021;S-15;C-06;27077.85
3/01/2021;S-03;C-05;36859.74
3/01/2021;S-04;C-03;19727.93
3/01/2021;S-05;C-05;51860.77
3/01/2021;S-06;C-02;23062.53
3/01/2021;S-11;C-07;50330.16
3/01/2021;S-13;C-01;43259.39
3/01/2021;S-15;C-01;52514.11
4/01/2021;S-14;C-05;23966.21
4/01/2021;S-15;C-02;12674.29
5/01/2021;S-04;C-05;36729.98
6/01/2021;S-05;C-02;47682.76
6/01/2021;S-07;C-01;47088.6
6/01/2021;S-08;C-01;59576.59
6/01/2021;S-10;C-05;16996.44
7/01/2021;S-01;C-06;40862.19
7/01/2021;S-04;C-03;10369.2
8/01/2021;S-02;C-05;29408.02
8/01/2021;S-08;C-03;10469.53
8/01/2021;S-09;C-04;26497.06
8/01/2021;S-10;C-05;13734.97
8/01/2021;S-13;C-06;57071.02
9/01/2021;S-13;C-01;38485.27
9/01/2021;S-14;C-01;42187.67
10/01/2021;S-03;C-04;33904.48
11/01/2021;S-01;C-02;17589.05
12/01/2021;S-03;C-05;13618.92
12/01/2021;S-08;C-02;29765.47
13/01/2021;S-04;C-03;53249.93
13/01/2021;S-07;C-06;10674.36
13/01/2021;S-07;C-07;18074.13
13/01/2021;S-10;C-03;30253.92
13/01/2021;S-11;C-06;35140.06
13/01/2021;S-14;C-04;20861.44
14/01/2021;S-05;C-05;19635.72
15/01/2021;S-01;C-06;27236.01
16/01/2021;S-01;C-03;43324.37
16/01/2021;S-04;C-04;35432.45
16/01/2021;S-05;C-07;11770.04
16/01/2021;S-08;C-01;50333.48
16/01/2021;S-14;C-02;31928.73
17/01/2021;S-06;C-06;57918.37
18/01/2021;S-03;C-04;39642.57
18/01/2021;S-08;C-04;33236.81
18/01/2021;S-09;C-06;27041.93
18/01/2021;S-11;C-02;23584.87
18/01/2021;S-12;C-07;28130.5
19/01/2021;S-04;C-04;17084.62
19/01/2021;S-11;C-04;31367.46
19/01/2021;S-12;C-02;54023.5
19/01/2021;S-15;C-05;45474.95
20/01/2021;S-04;C-07;52982.83
20/01/2021;S-06;C-04;22077.21
20/01/2021;S-07;C-07;50446.91
20/01/2021;S-10;C-05;24221.2
20/01/2021;S-10;C-07;27001.89
20/01/2021;S-12;C-02;36838.78
20/01/2021;S-14;C-01;48722.18
20/01/2021;S-15;C-03;59104.18
21/01/2021;S-07;C-04;31326.74
22/01/2021;S-07;C-07;38477.49
22/01/2021;S-08;C-06;36651.51
22/01/2021;S-11;C-05;33845.36
23/01/2021;S-03;C-02;12175.89
23/01/2021;S-04;C-06;13940.97
23/01/2021;S-11;C-01;32437.01
23/01/2021;S-13;C-02;33493.57
23/01/2021;S-13;C-04;40382.55
24/01/2021;S-05;C-05;35629.16
24/01/2021;S-08;C-03;19907.48
24/01/2021;S-14;C-02;22952.37
24/01/2021;S-14;C-04;45840.32
25/01/2021;S-01;C-05;54386.22
25/01/2021;S-03;C-07;49669.47
25/01/2021;S-05;C-07;33653.74
25/01/2021;S-07;C-03;26557.1
25/01/2021;S-08;C-06;32685.45
25/01/2021;S-11;C-01;11656.22
25/01/2021;S-14;C-01;35842.25
25/01/2021;S-15;C-02;36672.5
26/01/2021;S-13;C-01;36243.66
27/01/2021;S-02;C-04;47126.97
27/01/2021;S-03;C-04;26850.45
27/01/2021;S-08;C-04;47420.6
27/01/2021;S-14;C-04;58573.07
28/01/2021;S-04;C-02;18830.94
28/01/2021;S-07;C-06;34280.8
28/01/2021;S-07;C-07;57640.17
28/01/2021;S-14;C-07;30276.39
29/01/2021;S-01;C-05;17516.76
29/01/2021;S-08;C-05;44391.46
29/01/2021;S-10;C-06;57202.7
30/01/2021;S-02;C-07;38186.26
30/01/2021;S-03;C-03;42217.54
30/01/2021;S-04;C-03;28211.17
30/01/2021;S-08;C-05;45943.43
30/01/2021;S-08;C-07;53110.11
30/01/2021;S-09;C-01;41815.58
30/01/2021;S-09;C-03;14757.25
30/01/2021;S-10;C-02;12400.58
30/01/2021;S-11;C-04;27268.41
30/01/2021;S-13;C-03;57592.61
31/01/2021;S-01;C-02;34056.69
31/01/2021;S-05;C-07;30627.52
31/01/2021;S-09;C-01;40617.42
31/01/2021;S-10;C-05;19843.67
1/02/2021;S-03;C-03;59642.6
1/02/2021;S-03;C-05;15300.35
1/02/2021;S-04;C-04;40065.19
1/02/2021;S-10;C-07;47178.31
1/02/2021;S-14;C-06;45373.16
2/02/2021;S-15;C-06;35894.91
3/02/2021;S-06;C-05;35052.65
3/02/2021;S-13;C-07;29805.87
4/02/2021;S-01;C-06;17891.84
4/02/2021;S-02;C-04;16039.09
5/02/2021;S-10;C-06;39009.65
6/02/2021;S-15;C-06;51761.53
7/02/2021;S-01;C-01;16087.82
7/02/2021;S-01;C-05;58686.31
7/02/2021;S-10;C-04;44621.73
7/02/2021;S-10;C-07;28561.09
7/02/2021;S-11;C-04;28407.88
8/02/2021;S-15;C-03;19313.41
9/02/2021;S-03;C-01;29352.75
10/02/2021;S-06;C-07;16452.37
10/02/2021;S-07;C-07;48656.41
10/02/2021;S-14;C-04;53872.98
11/02/2021;S-02;C-01;15581.73
12/02/2021;S-07;C-07;39948.58
12/02/2021;S-08;C-01;55719.5
12/02/2021;S-08;C-05;52496.22
12/02/2021;S-15;C-02;27143.02
13/02/2021;S-08;C-07;59889.54
13/02/2021;S-11;C-03;53972.99
14/02/2021;S-12;C-01;52284.34
15/02/2021;S-01;C-01;39236.09
15/02/2021;S-09;C-01;15285.35
15/02/2021;S-10;C-07;41292.83
15/02/2021;S-13;C-02;39806.15
15/02/2021;S-14;C-06;48289.95
16/02/2021;S-15;C-07;59232.35
17/02/2021;S-03;C-07;19348.89
17/02/2021;S-11;C-07;38831.35
18/02/2021;S-02;C-05;25167.82
18/02/2021;S-05;C-07;58524.92
19/02/2021;S-02;C-03;13600.03
19/02/2021;S-13;C-01;31757.07
19/02/2021;S-15;C-07;44267.2
20/02/2021;S-01;C-06;12466.52
20/02/2021;S-04;C-03;59433.54
20/02/2021;S-11;C-04;50175.83
20/02/2021;S-12;C-06;19153.05
20/02/2021;S-12;C-07;33891.42
20/02/2021;S-13;C-04;30858.54
20/02/2021;S-14;C-01;57856.03
21/02/2021;S-05;C-07;23955.79
21/02/2021;S-09;C-07;31123.74
21/02/2021;S-12;C-03;37134.46
21/02/2021;S-13;C-03;21374.26
21/02/2021;S-15;C-02;47085.77
21/02/2021;S-15;C-05;36326.12
22/02/2021;S-09;C-06;54677.12
23/02/2021;S-01;C-05;34336.07
23/02/2021;S-02;C-01;21854.94
23/02/2021;S-03;C-02;51959.1
23/02/2021;S-08;C-05;39883.92
23/02/2021;S-12;C-02;43551.82
24/02/2021;S-02;C-01;49556.93
24/02/2021;S-02;C-05;31797.23
24/02/2021;S-03;C-01;49551.84
24/02/2021;S-03;C-02;36835.84
24/02/2021;S-04;C-01;34040.08
24/02/2021;S-04;C-02;28296.05
24/02/2021;S-05;C-06;18848.53
24/02/2021;S-06;C-02;15317.19
24/02/2021;S-06;C-06;53176.74
24/02/2021;S-07;C-05;32879.04
24/02/2021;S-08;C-02;46625.39
24/02/2021;S-08;C-03;47457.3
24/02/2021;S-08;C-05;55445.7
24/02/2021;S-10;C-01;56698.71
24/02/2021;S-12;C-04;38465.51
24/02/2021;S-12;C-06;46947.67
24/02/2021;S-13;C-04;23612.25
24/02/2021;S-13;C-05;45449.42
24/02/2021;S-14;C-06;47483.56
24/02/2021;S-15;C-04;21356.46
25/02/2021;S-04;C-02;44326.8
26/02/2021;S-02;C-06;53489.6
26/02/2021;S-03;C-02;48271.81
26/02/2021;S-05;C-05;33851.28
26/02/2021;S-07;C-01;49585.7
26/02/2021;S-07;C-03;47012.77
26/02/2021;S-07;C-04;24725.53
26/02/2021;S-10;C-02;37786.68
26/02/2021;S-13;C-07;48667.58
26/02/2021;S-14;C-01;24160.31
27/02/2021;S-09;C-06;19747.57
28/02/2021;S-12;C-04;20591.93
1/03/2021;S-13;C-05;57007.11
2/03/2021;S-01;C-06;50286.11
2/03/2021;S-03;C-03;31035.82
2/03/2021;S-06;C-01;58945.88
3/03/2021;S-04;C-06;56694.55
3/03/2021;S-14;C-01;50219.15
4/03/2021;S-04;C-04;53316.21
4/03/2021;S-08;C-03;37550.57
4/03/2021;S-14;C-01;23224.48
5/03/2021;S-02;C-03;50832.77
6/03/2021;S-04;C-03;52877.54
6/03/2021;S-14;C-04;16768.39
6/03/2021;S-15;C-05;43253.03
7/03/2021;S-02;C-04;41199.52
7/03/2021;S-06;C-01;23423.13
7/03/2021;S-08;C-05;43393.82
7/03/2021;S-10;C-07;59841.41
7/03/2021;S-11;C-02;24318.53
7/03/2021;S-13;C-04;59907.78
8/03/2021;S-01;C-03;35202.57
9/03/2021;S-06;C-04;48616.48
9/03/2021;S-09;C-03;19571.48
10/03/2021;S-02;C-03;55814
10/03/2021;S-05;C-04;59363.1
10/03/2021;S-07;C-05;49132.94
10/03/2021;S-12;C-01;45731.66
10/03/2021;S-13;C-07;59682.43
11/03/2021;S-05;C-05;40523.69
11/03/2021;S-06;C-02;48135.8
11/03/2021;S-13;C-07;18630.55
12/03/2021;S-03;C-05;31137.83
12/03/2021;S-06;C-01;38167.65
12/03/2021;S-06;C-03;14320.31
12/03/2021;S-06;C-07;42894.13
12/03/2021;S-07;C-05;28460.28
13/03/2021;S-04;C-06;35852.44
14/03/2021;S-11;C-02;52142.56
14/03/2021;S-13;C-07;51839.27
14/03/2021;S-15;C-02;50352.59
14/03/2021;S-15;C-03;14991.88
14/03/2021;S-15;C-04;47343.28
15/03/2021;S-02;C-06;12750.91
15/03/2021;S-04;C-04;14818.61
15/03/2021;S-05;C-06;21864.99
15/03/2021;S-08;C-03;48042.69
16/03/2021;S-04;C-07;15876.33
16/03/2021;S-05;C-04;38277.9
16/03/2021;S-10;C-02;38276.26
17/03/2021;S-04;C-01;55890.63
17/03/2021;S-07;C-07;24015.8
18/03/2021;S-13;C-01;25349.83
18/03/2021;S-15;C-02;44176.79
19/03/2021;S-08;C-04;47473.77
19/03/2021;S-09;C-06;51213.25
19/03/2021;S-13;C-07;19037.35
20/03/2021;S-03;C-07;22117.59
20/03/2021;S-10;C-07;59454.4
20/03/2021;S-11;C-03;29135.06
20/03/2021;S-15;C-04;34936.12
21/03/2021;S-04;C-01;25648.05
21/03/2021;S-11;C-02;54898.28
21/03/2021;S-11;C-06;46943.77
22/03/2021;S-02;C-06;47976.05
22/03/2021;S-03;C-01;21759.99
22/03/2021;S-05;C-03;46169.19
22/03/2021;S-05;C-07;56445.93
22/03/2021;S-10;C-03;56834.48
23/03/2021;S-01;C-01;57364.82
23/03/2021;S-13;C-06;40444.3
24/03/2021;S-02;C-02;56855.15
24/03/2021;S-03;C-02;59660.83
24/03/2021;S-06;C-03;45896.31
25/03/2021;S-12;C-07;40029.99
25/03/2021;S-13;C-02;44367.43
25/03/2021;S-13;C-06;27706.91
26/03/2021;S-01;C-03;53970.42
26/03/2021;S-01;C-05;50640.77
26/03/2021;S-04;C-03;30305.95
26/03/2021;S-04;C-05;13205.78
26/03/2021;S-06;C-02;36568.09
26/03/2021;S-07;C-03;45846.06
26/03/2021;S-07;C-06;21358.37
26/03/2021;S-08;C-02;51000.31
26/03/2021;S-08;C-06;55017.21
26/03/2021;S-10;C-02;39996.65
26/03/2021;S-13;C-01;43483.54
26/03/2021;S-13;C-02;18403.79
26/03/2021;S-15;C-02;12770.83
27/03/2021;S-01;C-05;11199.21
27/03/2021;S-07;C-02;58089.71
27/03/2021;S-07;C-06;29657.65
27/03/2021;S-08;C-03;55222.45
27/03/2021;S-10;C-01;24434.37
27/03/2021;S-13;C-02;33431.09
28/03/2021;S-03;C-03;23772.71
28/03/2021;S-11;C-03;53999.2
29/03/2021;S-01;C-01;38510.49
29/03/2021;S-02;C-06;15389.4
29/03/2021;S-03;C-05;41367.23
29/03/2021;S-03;C-07;58498.86
29/03/2021;S-04;C-02;22519.15
29/03/2021;S-04;C-04;24768.06
29/03/2021;S-05;C-03;57306.28
29/03/2021;S-06;C-04;52297.52
29/03/2021;S-06;C-06;43354.38
29/03/2021;S-07;C-04;27291.2
29/03/2021;S-08;C-03;20454.13
29/03/2021;S-10;C-05;34987.66
29/03/2021;S-11;C-02;53204.11
29/03/2021;S-11;C-07;21821.26
29/03/2021;S-12;C-06;50993.15
30/03/2021;S-01;C-03;38101.3
30/03/2021;S-04;C-06;22488.04
31/03/2021;S-14;C-01;21228.52
1/04/2021;S-01;C-05;25664.85
1/04/2021;S-03;C-05;53313.05
1/04/2021;S-04;C-01;43747.33
1/04/2021;S-04;C-07;10379.33
1/04/2021;S-06;C-05;55654.89
1/04/2021;S-07;C-06;56290.9
1/04/2021;S-08;C-04;20520.76
1/04/2021;S-11;C-07;57064.73
1/04/2021;S-13;C-07;53266.84
1/04/2021;S-14;C-02;48542.57
1/04/2021;S-14;C-07;40567.82
1/04/2021;S-15;C-01;12128.2
2/04/2021;S-02;C-07;47951.36
2/04/2021;S-06;C-06;49541.94
3/04/2021;S-12;C-03;15432.28
4/04/2021;S-06;C-06;36058.62
4/04/2021;S-08;C-07;40840.37
5/04/2021;S-03;C-04;24371.72
5/04/2021;S-07;C-01;51701.2
6/04/2021;S-01;C-05;16162.87
6/04/2021;S-02;C-03;55770.21
6/04/2021;S-02;C-04;11516.9
6/04/2021;S-02;C-06;13723.52
6/04/2021;S-03;C-07;53402.45
6/04/2021;S-04;C-03;28071.4
6/04/2021;S-05;C-06;59854.11
6/04/2021;S-10;C-02;37409.99
6/04/2021;S-12;C-02;31601.64
6/04/2021;S-12;C-07;37622.28
6/04/2021;S-14;C-03;38883.81
6/04/2021;S-15;C-03;40189.04
7/04/2021;S-10;C-02;45119.28
8/04/2021;S-01;C-04;39259.54
8/04/2021;S-12;C-05;36471.1
8/04/2021;S-14;C-03;43985.66
9/04/2021;S-02;C-07;39896.91
9/04/2021;S-07;C-06;27844.7
9/04/2021;S-08;C-07;36941.89
9/04/2021;S-09;C-02;40706.64
9/04/2021;S-09;C-04;22338.87
9/04/2021;S-11;C-04;52583.14
9/04/2021;S-12;C-03;43151.37
9/04/2021;S-12;C-07;33945.51
9/04/2021;S-14;C-01;33411.22
9/04/2021;S-14;C-02;31104.73
9/04/2021;S-14;C-06;33078.13
9/04/2021;S-15;C-04;35523.16
10/04/2021;S-01;C-03;47372.74
10/04/2021;S-02;C-02;26940.03
10/04/2021;S-03;C-02;43266.42
10/04/2021;S-04;C-04;23451.21
10/04/2021;S-07;C-04;20293.64
10/04/2021;S-08;C-02;39673.52
10/04/2021;S-09;C-01;40088.87
10/04/2021;S-09;C-07;23434.36
10/04/2021;S-13;C-04;58013.02
10/04/2021;S-15;C-01;13371.38
11/04/2021;S-07;C-01;24025.64
12/04/2021;S-05;C-04;11987.24
12/04/2021;S-07;C-07;46013.36
12/04/2021;S-08;C-01;37063.73
12/04/2021;S-08;C-06;30695.92
12/04/2021;S-14;C-04;47706.92
13/04/2021;S-01;C-05;30984.62
13/04/2021;S-10;C-03;37587.12
13/04/2021;S-11;C-04;22235.3
13/04/2021;S-14;C-04;44389.49
14/04/2021;S-05;C-07;28329.51
15/04/2021;S-02;C-03;32716.84
15/04/2021;S-12;C-02;14565.55
16/04/2021;S-01;C-05;24726.77
16/04/2021;S-05;C-06;13181.24
17/04/2021;S-02;C-04;48886.61
18/04/2021;S-01;C-05;43249.22
19/04/2021;S-06;C-05;51141.29
19/04/2021;S-06;C-07;59233.17
19/04/2021;S-08;C-01;55564.38
19/04/2021;S-10;C-07;57418.42
19/04/2021;S-12;C-03;41798.92
19/04/2021;S-13;C-07;19771.09
19/04/2021;S-15;C-04;39078.3
20/04/2021;S-07;C-04;56672.69
20/04/2021;S-09;C-03;45692.22
20/04/2021;S-10;C-06;38733.79
20/04/2021;S-13;C-02;38033.42
21/04/2021;S-09;C-07;12883.44
21/04/2021;S-10;C-03;41661.21
22/04/2021;S-15;C-01;17794.63
23/04/2021;S-08;C-07;49922.55
23/04/2021;S-13;C-02;49542.67
23/04/2021;S-13;C-07;31120.94
24/04/2021;S-05;C-07;22509.04
24/04/2021;S-08;C-01;10831.55
25/04/2021;S-06;C-06;11241.49
26/04/2021;S-02;C-02;29150.21
26/04/2021;S-09;C-03;16083.11
26/04/2021;S-11;C-07;28083.52
27/04/2021;S-04;C-06;11079.21
28/04/2021;S-03;C-03;59493.49
28/04/2021;S-07;C-06;27776.17
28/04/2021;S-10;C-05;10506.61
28/04/2021;S-11;C-05;58430.5
29/04/2021;S-06;C-03;42896.15
30/04/2021;S-05;C-02;25684.39
1/05/2021;S-01;C-02;23883.63
1/05/2021;S-04;C-07;57553.55
1/05/2021;S-05;C-06;30682.41
1/05/2021;S-07;C-04;22857.75
1/05/2021;S-08;C-03;42723.58
1/05/2021;S-10;C-02;15163.46
1/05/2021;S-13;C-07;12597.11
2/05/2021;S-12;C-01;49223.49
2/05/2021;S-12;C-05;50271.7
3/05/2021;S-06;C-05;13850.85
3/05/2021;S-08;C-03;40605.98
4/05/2021;S-09;C-03;30925.88
4/05/2021;S-13;C-01;20048.77
4/05/2021;S-13;C-05;34658.48
5/05/2021;S-06;C-05;53639.57
5/05/2021;S-10;C-02;47468.28
5/05/2021;S-12;C-07;42012.09
6/05/2021;S-01;C-05;55075.22
6/05/2021;S-08;C-07;54639.68
6/05/2021;S-09;C-02;15860.93
6/05/2021;S-11;C-07;49132.06
6/05/2021;S-13;C-03;40582.55
6/05/2021;S-13;C-07;27718.05
6/05/2021;S-14;C-07;25234.37
7/05/2021;S-15;C-01;53836.22
8/05/2021;S-01;C-04;39432.69
8/05/2021;S-05;C-05;50260.97
8/05/2021;S-08;C-01;58068.76
8/05/2021;S-09;C-04;10100.47
8/05/2021;S-15;C-06;43466.48
9/05/2021;S-04;C-07;51245.8
10/05/2021;S-08;C-01;45287.09
10/05/2021;S-08;C-04;16596.68
10/05/2021;S-09;C-05;57870.75
10/05/2021;S-11;C-05;47333.9
10/05/2021;S-12;C-04;56799.36
10/05/2021;S-12;C-07;15460.92
10/05/2021;S-13;C-07;18343.46
11/05/2021;S-01;C-01;14726.78
11/05/2021;S-07;C-07;25171.45
12/05/2021;S-04;C-07;40796.7
13/05/2021;S-02;C-04;43099.02
13/05/2021;S-06;C-07;11911.38
13/05/2021;S-08;C-07;53759.51
14/05/2021;S-02;C-07;20524.16
14/05/2021;S-03;C-01;53383.96
14/05/2021;S-04;C-06;53147.43
14/05/2021;S-04;C-07;52665.76
14/05/2021;S-11;C-03;18842.04
14/05/2021;S-12;C-06;39967.75
15/05/2021;S-01;C-04;21879.64
15/05/2021;S-01;C-07;21339.13
15/05/2021;S-02;C-03;31026.86
15/05/2021;S-04;C-02;47627.79
15/05/2021;S-05;C-07;51590.61
15/05/2021;S-07;C-04;50766.37
15/05/2021;S-08;C-01;46779.1
15/05/2021;S-08;C-04;44189.47
15/05/2021;S-08;C-07;26235.69
15/05/2021;S-13;C-07;42629.63
15/05/2021;S-14;C-01;24357.74
15/05/2021;S-14;C-02;39551.64
16/05/2021;S-11;C-06;40052.15
16/05/2021;S-13;C-01;59343.68
17/05/2021;S-11;C-02;10427.27
17/05/2021;S-11;C-05;48292.12
17/05/2021;S-13;C-05;18932.7
17/05/2021;S-14;C-06;30510.62
18/05/2021;S-06;C-02;52814.14
19/05/2021;S-08;C-02;40037.54
20/05/2021;S-11;C-03;44867.34
20/05/2021;S-12;C-06;26116.28
21/05/2021;S-03;C-04;37943.87
21/05/2021;S-06;C-06;19587.64
21/05/2021;S-10;C-07;59284.6
21/05/2021;S-13;C-06;52087.75
21/05/2021;S-14;C-07;59907.39
21/05/2021;S-15;C-03;40328.56
22/05/2021;S-02;C-04;24903.47
22/05/2021;S-03;C-07;53490.81
22/05/2021;S-04;C-05;16140.92
22/05/2021;S-05;C-05;54596.49
22/05/2021;S-06;C-03;40215.59
22/05/2021;S-07;C-03;21205.03
22/05/2021;S-08;C-01;49869.04
22/05/2021;S-08;C-02;11082.89
22/05/2021;S-10;C-01;57970.27
22/05/2021;S-12;C-05;41154.9
22/05/2021;S-13;C-06;27321.98
22/05/2021;S-15;C-06;18469.46
23/05/2021;S-01;C-03;14659.38
23/05/2021;S-13;C-04;58343.15
24/05/2021;S-01;C-03;26603.37
24/05/2021;S-02;C-02;46831.37
24/05/2021;S-05;C-05;59635.7
25/05/2021;S-11;C-07;17162.11
26/05/2021;S-01;C-07;44633.9
26/05/2021;S-05;C-01;50301.07
26/05/2021;S-07;C-03;41273.82
26/05/2021;S-08;C-01;29417.31
26/05/2021;S-10;C-05;15297.2
26/05/2021;S-10;C-07;22768.28
26/05/2021;S-15;C-03;41823.95
27/05/2021;S-01;C-05;24378.74
27/05/2021;S-04;C-06;42548.48
27/05/2021;S-05;C-01;25959.26
27/05/2021;S-05;C-02;45432.12
27/05/2021;S-05;C-07;19989.48
27/05/2021;S-06;C-05;20269.11
27/05/2021;S-06;C-06;16798.23
27/05/2021;S-08;C-07;12174.61
27/05/2021;S-09;C-01;54123.02
27/05/2021;S-09;C-02;38861.26
27/05/2021;S-09;C-07;40292.35
27/05/2021;S-10;C-04;36078.49
27/05/2021;S-10;C-05;41697.05
27/05/2021;S-13;C-04;47625.94
27/05/2021;S-14;C-06;19427.28
27/05/2021;S-15;C-02;31058.72
27/05/2021;S-15;C-06;45635.2
28/05/2021;S-03;C-07;26191.5
29/05/2021;S-02;C-06;53353.39
29/05/2021;S-05;C-02;19791.05
29/05/2021;S-05;C-03;45433.25
29/05/2021;S-07;C-01;49918.1
29/05/2021;S-07;C-02;12652.54
29/05/2021;S-09;C-06;37153.31
29/05/2021;S-11;C-03;27722.28
29/05/2021;S-13;C-04;55690.77
30/05/2021;S-12;C-01;31456.04
30/05/2021;S-13;C-06;32052.13
31/05/2021;S-09;C-06;12875.68
1/06/2021;S-03;C-04;26169.38
1/06/2021;S-06;C-06;30065.66
1/06/2021;S-07;C-03;13531.48
1/06/2021;S-13;C-07;57560.18
1/06/2021;S-14;C-03;38292.35
2/06/2021;S-03;C-02;23687.45
2/06/2021;S-04;C-06;41007.43
2/06/2021;S-06;C-04;42301.43
2/06/2021;S-08;C-05;19001.35
2/06/2021;S-10;C-03;56864.03
2/06/2021;S-10;C-04;52612.33
2/06/2021;S-12;C-07;39522.88
2/06/2021;S-13;C-02;22420.48
2/06/2021;S-13;C-04;24938.86
2/06/2021;S-14;C-05;27497.94
3/06/2021;S-07;C-02;31785.95
4/06/2021;S-04;C-02;17414.7
4/06/2021;S-09;C-07;14765.11
4/06/2021;S-15;C-07;22433.17
5/06/2021;S-01;C-06;30019.95
5/06/2021;S-03;C-03;22797.04
5/06/2021;S-04;C-05;58119.42
5/06/2021;S-06;C-05;34341.86
5/06/2021;S-12;C-06;39304.2
5/06/2021;S-13;C-06;12753.16
6/06/2021;S-05;C-01;14799.05
6/06/2021;S-13;C-06;24330.05
7/06/2021;S-09;C-05;29821.57
8/06/2021;S-01;C-04;15867.58
8/06/2021;S-05;C-07;51681.63
8/06/2021;S-07;C-02;20011.4
9/06/2021;S-04;C-01;12715.95
10/06/2021;S-02;C-02;13342.6
10/06/2021;S-07;C-06;54471.63
10/06/2021;S-08;C-03;39131.62
10/06/2021;S-09;C-06;19876.68
10/06/2021;S-12;C-04;35736.29
10/06/2021;S-13;C-06;28016.89
11/06/2021;S-03;C-04;38055.73
11/06/2021;S-04;C-01;11472.68
11/06/2021;S-06;C-01;37715.88
11/06/2021;S-11;C-04;40344.83
11/06/2021;S-12;C-04;13477.09
11/06/2021;S-14;C-07;55226.25
11/06/2021;S-15;C-06;38830.39
12/06/2021;S-09;C-07;58530.33
12/06/2021;S-12;C-01;52263.91
13/06/2021;S-07;C-04;15933.8
14/06/2021;S-02;C-03;49303.85
14/06/2021;S-06;C-01;59841.39
14/06/2021;S-06;C-06;13554.84
14/06/2021;S-11;C-05;16341.14
14/06/2021;S-15;C-04;11838.16
14/06/2021;S-15;C-06;47071.25
15/06/2021;S-01;C-01;32529.96
16/06/2021;S-09;C-07;13488.99
16/06/2021;S-15;C-06;17858.49
17/06/2021;S-06;C-03;32972.44
17/06/2021;S-09;C-03;45214.48
17/06/2021;S-14;C-02;24641.08
18/06/2021;S-02;C-01;31960.4
18/06/2021;S-09;C-02;11343.17
19/06/2021;S-08;C-06;35150.7
20/06/2021;S-10;C-07;19874.47
20/06/2021;S-11;C-04;35008.7
21/06/2021;S-02;C-04;14058.6
22/06/2021;S-04;C-01;30596.09
22/06/2021;S-11;C-04;15505.94
23/06/2021;S-08;C-07;24664.71
23/06/2021;S-15;C-02;41883.93
24/06/2021;S-05;C-05;37894.77
25/06/2021;S-01;C-01;37184.66
25/06/2021;S-01;C-03;43248.21
25/06/2021;S-01;C-04;39350.71
25/06/2021;S-03;C-06;50695.12
25/06/2021;S-05;C-03;43375.49
25/06/2021;S-05;C-04;40303.4
25/06/2021;S-05;C-07;48955.28
25/06/2021;S-06;C-07;44842.99
25/06/2021;S-08;C-01;32206.91
25/06/2021;S-09;C-03;50175.91
25/06/2021;S-09;C-07;32300.62
25/06/2021;S-10;C-06;50343.76
25/06/2021;S-10;C-07;36834.57
25/06/2021;S-13;C-05;13198.19
25/06/2021;S-15;C-03;42146.63
25/06/2021;S-15;C-07;21104.15
26/06/2021;S-01;C-03;43952.81
26/06/2021;S-03;C-01;33881.31
26/06/2021;S-03;C-03;30763.51
26/06/2021;S-03;C-07;30236.03
26/06/2021;S-04;C-02;57166.34
26/06/2021;S-06;C-01;29222.4
26/06/2021;S-08;C-06;28376.6
26/06/2021;S-08;C-07;31608.65
26/06/2021;S-09;C-03;33202.54
26/06/2021;S-12;C-06;27915.88
26/06/2021;S-13;C-04;57281.02
27/06/2021;S-11;C-07;28865.85
27/06/2021;S-13;C-06;45030.3
28/06/2021;S-04;C-01;52823.66
28/06/2021;S-14;C-06;40809.13
29/06/2021;S-12;C-05;37783.42
29/06/2021;S-15;C-03;21948.43
30/06/2021;S-01;C-03;37742.55
30/06/2021;S-01;C-07;50025.71
30/06/2021;S-02;C-02;20456.84
30/06/2021;S-04;C-04;11927.71
30/06/2021;S-04;C-05;21471.03
30/06/2021;S-04;C-07;24097.2
30/06/2021;S-05;C-01;52020.59
30/06/2021;S-05;C-06;10094.62
30/06/2021;S-06;C-04;49963.7
30/06/2021;S-07;C-01;35752.27
30/06/2021;S-08;C-04;10191.16
30/06/2021;S-09;C-03;11346.68
30/06/2021;S-09;C-06;22474.12
30/06/2021;S-11;C-04;21441.23
30/06/2021;S-13;C-03;11901.29
30/06/2021;S-14;C-03;16125.77
30/06/2021;S-15;C-01;59585.63
30/06/2021;S-15;C-06;35920.82
1/07/2021;S-07;C-06;42364.63
1/07/2021;S-08;C-04;33658.31
2/07/2021;S-02;C-02;12800.1
3/07/2021;S-01;C-01;22534.18
3/07/2021;S-06;C-05;55805.95
3/07/2021;S-07;C-07;33079.53
3/07/2021;S-08;C-01;50994.82
3/07/2021;S-08;C-02;13269.24
3/07/2021;S-10;C-06;18722.89
3/07/2021;S-13;C-04;31014.43
3/07/2021;S-15;C-01;38709.03
4/07/2021;S-06;C-05;14103.72
4/07/2021;S-12;C-05;49232.52
5/07/2021;S-02;C-04;48702.6
5/07/2021;S-07;C-01;44060.19
5/07/2021;S-14;C-06;46398.33
6/07/2021;S-05;C-02;43156.15
6/07/2021;S-08;C-05;36495.76
6/07/2021;S-12;C-01;30959.34
7/07/2021;S-09;C-03;45481.96
7/07/2021;S-14;C-06;45944.88
8/07/2021;S-10;C-05;25910.49
9/07/2021;S-10;C-02;29724.15
9/07/2021;S-11;C-03;39526.07
10/07/2021;S-01;C-02;50459.99
10/07/2021;S-02;C-04;46531.78
10/07/2021;S-02;C-07;13494.56
10/07/2021;S-03;C-05;52138.83
10/07/2021;S-05;C-07;34926.44
10/07/2021;S-09;C-04;28224.02
10/07/2021;S-09;C-06;59759.27
10/07/2021;S-13;C-04;16286.13
10/07/2021;S-15;C-01;49910.55
10/07/2021;S-15;C-07;44519.47
11/07/2021;S-05;C-03;21583.29
11/07/2021;S-05;C-04;35456.42
11/07/2021;S-05;C-05;17132.5
11/07/2021;S-08;C-07;29193.32
11/07/2021;S-09;C-02;55415.8
11/07/2021;S-12;C-02;27818.2
12/07/2021;S-03;C-04;14689.97
13/07/2021;S-02;C-02;21718.41
13/07/2021;S-13;C-06;40316.28
13/07/2021;S-14;C-01;20256.22
14/07/2021;S-08;C-05;49284.08
14/07/2021;S-15;C-04;19734.56
15/07/2021;S-01;C-04;24589.97
15/07/2021;S-04;C-04;30986.31
15/07/2021;S-08;C-07;53385.38
16/07/2021;S-02;C-01;58524.6
16/07/2021;S-03;C-01;41795.29
16/07/2021;S-03;C-03;54962.2
16/07/2021;S-06;C-04;49814.28
16/07/2021;S-07;C-03;24358.03
16/07/2021;S-08;C-03;59442
16/07/2021;S-08;C-05;54420.02
16/07/2021;S-12;C-03;51940.79
16/07/2021;S-12;C-04;28645.48
16/07/2021;S-12;C-07;48661.92
16/07/2021;S-13;C-03;25682.77
16/07/2021;S-13;C-06;23327.4
16/07/2021;S-14;C-03;30050.85
16/07/2021;S-14;C-07;23358.07
16/07/2021;S-15;C-05;51254.09
16/07/2021;S-15;C-06;38789.58
17/07/2021;S-01;C-04;55814.99
17/07/2021;S-01;C-06;21103.36
17/07/2021;S-04;C-02;19329.96
17/07/2021;S-04;C-03;23415.2
17/07/2021;S-05;C-01;26395.55
17/07/2021;S-05;C-06;47433.95
17/07/2021;S-06;C-07;36711.79
17/07/2021;S-07;C-07;18401.94
17/07/2021;S-08;C-06;24604.62
17/07/2021;S-08;C-07;29859.03
17/07/2021;S-09;C-02;53353.36
17/07/2021;S-09;C-06;24328.35
17/07/2021;S-10;C-01;46909.07
17/07/2021;S-13;C-01;13042.09
18/07/2021;S-12;C-04;22668.87
19/07/2021;S-04;C-02;45385.12
19/07/2021;S-04;C-05;59957.64
19/07/2021;S-06;C-04;55483.75
19/07/2021;S-07;C-03;40339.4
19/07/2021;S-07;C-07;49472.86
19/07/2021;S-08;C-02;14185.9
19/07/2021;S-09;C-07;19898.66
19/07/2021;S-10;C-06;29118.42
19/07/2021;S-14;C-02;53732.1
19/07/2021;S-14;C-07;38945.01
20/07/2021;S-01;C-05;37709.04
20/07/2021;S-05;C-03;57537
20/07/2021;S-06;C-03;45531.33
20/07/2021;S-12;C-02;42573.6
21/07/2021;S-04;C-02;16980.77
22/07/2021;S-14;C-01;38632.92
22/07/2021;S-15;C-05;51626.39
23/07/2021;S-04;C-07;19272.07
23/07/2021;S-13;C-04;34946.31
24/07/2021;S-01;C-02;59163.11
24/07/2021;S-03;C-03;40697.09
24/07/2021;S-06;C-02;13931.68
24/07/2021;S-10;C-01;13451.93
24/07/2021;S-10;C-07;21820.05
24/07/2021;S-12;C-02;35210.25
25/07/2021;S-10;C-04;52495.81
26/07/2021;S-01;C-05;42965.14
26/07/2021;S-10;C-05;50288.43
26/07/2021;S-14;C-06;27779.6
27/07/2021;S-01;C-03;34831.89
27/07/2021;S-04;C-02;20422.8
27/07/2021;S-04;C-07;27502.37
27/07/2021;S-12;C-02;26366.63
28/07/2021;S-02;C-07;12092.89
28/07/2021;S-06;C-05;44767.44
28/07/2021;S-09;C-02;25339
29/07/2021;S-02;C-03;44784.08
29/07/2021;S-12;C-03;17269.85
29/07/2021;S-13;C-02;26028.26
29/07/2021;S-14;C-06;43057.68
30/07/2021;S-01;C-05;56399.75
30/07/2021;S-03;C-01;34907.42
30/07/2021;S-08;C-03;54073.5
31/07/2021;S-04;C-03;29425.99
31/07/2021;S-04;C-05;35537.01
31/07/2021;S-06;C-02;41681.44
31/07/2021;S-06;C-06;30545.4
31/07/2021;S-08;C-07;46554.79
31/07/2021;S-12;C-02;41250.83
1/08/2021;S-04;C-04;36002.12
2/08/2021;S-03;C-03;42474.26
2/08/2021;S-07;C-06;37466.35
2/08/2021;S-08;C-05;27251.1
2/08/2021;S-10;C-03;14817.45
2/08/2021;S-10;C-05;22743.12
2/08/2021;S-11;C-03;10565.99
2/08/2021;S-15;C-03;17090.99
2/08/2021;S-15;C-07;53095.52
3/08/2021;S-06;C-04;49250.51
3/08/2021;S-11;C-03;37305.43
3/08/2021;S-11;C-05;10234.83
4/08/2021;S-01;C-01;39259.92
4/08/2021;S-03;C-05;37115.79
4/08/2021;S-07;C-01;33764.76
4/08/2021;S-09;C-01;32444.81
5/08/2021;S-04;C-05;39618.5
5/08/2021;S-12;C-02;47910.95
5/08/2021;S-12;C-05;48707.31
6/08/2021;S-04;C-07;25352.59
7/08/2021;S-15;C-02;13131.59
8/08/2021;S-13;C-06;54321.01
8/08/2021;S-15;C-01;11248.66
9/08/2021;S-11;C-01;56834.86
9/08/2021;S-11;C-06;54716.51
10/08/2021;S-05;C-07;40982.27
10/08/2021;S-06;C-05;36514.73
10/08/2021;S-14;C-02;56202.41
11/08/2021;S-02;C-01;11074.5
11/08/2021;S-04;C-04;57418.83
11/08/2021;S-07;C-05;14785.46
11/08/2021;S-09;C-07;20946.22
11/08/2021;S-11;C-07;26722.31
11/08/2021;S-13;C-04;47626.15
12/08/2021;S-01;C-05;36809.17
12/08/2021;S-07;C-07;41141.25
12/08/2021;S-12;C-02;21726.16
13/08/2021;S-08;C-04;39520.11
14/08/2021;S-06;C-01;50397.32
14/08/2021;S-06;C-05;42762.7
15/08/2021;S-01;C-07;36315.66
15/08/2021;S-10;C-01;10987.12
15/08/2021;S-12;C-03;47570.27
16/08/2021;S-01;C-01;41334.7
16/08/2021;S-02;C-03;30142.87
16/08/2021;S-11;C-06;10967.21
16/08/2021;S-15;C-04;53433.02
17/08/2021;S-04;C-06;44530.59
17/08/2021;S-11;C-01;24604.91
18/08/2021;S-01;C-01;21495.21
18/08/2021;S-01;C-03;56759.1
18/08/2021;S-05;C-07;13624.79
18/08/2021;S-11;C-07;47658.12
18/08/2021;S-13;C-06;37041.42
19/08/2021;S-02;C-02;49658.74
19/08/2021;S-10;C-03;29190.26
19/08/2021;S-11;C-06;58193.93
19/08/2021;S-12;C-04;50409.28
19/08/2021;S-14;C-03;37008.12
20/08/2021;S-03;C-03;16388.62
20/08/2021;S-11;C-04;32181.7
20/08/2021;S-12;C-02;29788.39
20/08/2021;S-14;C-04;47638.32
21/08/2021;S-01;C-05;21457.9
21/08/2021;S-14;C-02;13199.73
22/08/2021;S-06;C-04;48753.27
22/08/2021;S-14;C-02;19870.7
23/08/2021;S-01;C-05;59422.46
23/08/2021;S-02;C-07;25408.15
23/08/2021;S-03;C-05;41320.28
23/08/2021;S-06;C-01;15661.08
23/08/2021;S-10;C-04;16339.68
23/08/2021;S-11;C-03;34172.24
23/08/2021;S-11;C-06;55105.39
23/08/2021;S-13;C-03;51613.89
23/08/2021;S-14;C-03;59907.35
24/08/2021;S-10;C-07;16113.28
25/08/2021;S-04;C-06;45658.83
25/08/2021;S-05;C-01;40921.14
25/08/2021;S-06;C-04;59696.53
25/08/2021;S-07;C-07;56023.76
25/08/2021;S-09;C-06;37880.68
25/08/2021;S-11;C-02;17560.31
25/08/2021;S-11;C-03;18942.74
25/08/2021;S-12;C-05;27627.43
25/08/2021;S-14;C-02;51174.55
25/08/2021;S-14;C-06;49262.73
25/08/2021;S-15;C-05;34666.24
26/08/2021;S-04;C-01;37072.5
26/08/2021;S-12;C-05;26159.17
27/08/2021;S-05;C-01;48357.07
27/08/2021;S-06;C-04;35680.57
27/08/2021;S-09;C-03;36333.99
27/08/2021;S-14;C-03;49777.08
28/08/2021;S-03;C-07;21286.8
28/08/2021;S-13;C-07;25121.62
29/08/2021;S-02;C-01;36631.76
29/08/2021;S-02;C-05;21432.22
29/08/2021;S-03;C-07;14499.07
29/08/2021;S-04;C-03;21579.11
29/08/2021;S-04;C-06;46796.7
29/08/2021;S-05;C-01;58589.63
29/08/2021;S-05;C-02;52378.56
29/08/2021;S-05;C-07;30660.29
29/08/2021;S-10;C-05;36241.98
29/08/2021;S-10;C-06;13197.49
29/08/2021;S-11;C-02;15805.49
29/08/2021;S-12;C-02;36179.61
30/08/2021;S-01;C-01;28571.68
30/08/2021;S-04;C-04;38231.53
30/08/2021;S-07;C-04;33380.73
30/08/2021;S-08;C-02;31506.77
30/08/2021;S-13;C-03;10850.68
31/08/2021;S-02;C-03;40502.69
31/08/2021;S-08;C-04;29981.64
31/08/2021;S-10;C-04;45367.34
31/08/2021;S-10;C-05;43928.69
31/08/2021;S-11;C-02;26233.8
31/08/2021;S-13;C-03;26978.06
31/08/2021;S-13;C-07;33829.93
31/08/2021;S-14;C-03;52179.84
1/09/2021;S-01;C-05;22473.43
1/09/2021;S-10;C-02;31774.52
2/09/2021;S-04;C-02;44102.56
2/09/2021;S-05;C-07;36574.07
2/09/2021;S-06;C-02;16154.87
2/09/2021;S-07;C-03;34744.55
2/09/2021;S-07;C-05;39413.4
2/09/2021;S-08;C-03;27381.07
2/09/2021;S-11;C-02;16917.43
2/09/2021;S-13;C-04;57888.99
2/09/2021;S-14;C-05;18278.87
3/09/2021;S-05;C-04;30419.32
3/09/2021;S-05;C-05;56294.89
3/09/2021;S-15;C-03;57912.2
4/09/2021;S-01;C-02;56798.75
4/09/2021;S-07;C-06;48352.78
4/09/2021;S-09;C-06;20352.71
4/09/2021;S-11;C-04;54466.52
4/09/2021;S-12;C-05;48787.84
4/09/2021;S-14;C-05;56152.79
4/09/2021;S-14;C-07;36710.09
5/09/2021;S-13;C-02;59357.99
6/09/2021;S-04;C-06;26963.06
6/09/2021;S-06;C-07;22471.92
6/09/2021;S-08;C-05;31256.96
6/09/2021;S-12;C-01;22183.33
7/09/2021;S-05;C-07;22497.46
8/09/2021;S-01;C-05;44814.37
8/09/2021;S-07;C-05;30369.34
8/09/2021;S-10;C-02;44052.87
9/09/2021;S-02;C-04;27541.84
9/09/2021;S-08;C-03;48916.27
10/09/2021;S-14;C-01;22924.21
11/09/2021;S-10;C-06;49715.91
12/09/2021;S-07;C-01;49119.32
12/09/2021;S-13;C-02;51736.87
13/09/2021;S-03;C-01;34351.79
13/09/2021;S-04;C-05;28896.18
13/09/2021;S-06;C-07;22714.85
13/09/2021;S-10;C-02;24818.08
14/09/2021;S-15;C-05;41514.68
15/09/2021;S-06;C-06;44653.33
15/09/2021;S-10;C-03;26567.56
15/09/2021;S-11;C-01;55273.42
15/09/2021;S-11;C-02;53926.46
16/09/2021;S-01;C-05;23540.99
16/09/2021;S-05;C-06;34987.05
16/09/2021;S-07;C-06;35188.68
16/09/2021;S-10;C-02;15128.34
16/09/2021;S-10;C-04;33482.92
16/09/2021;S-12;C-04;33541.63
17/09/2021;S-03;C-01;20199.93
18/09/2021;S-03;C-06;30337.03
18/09/2021;S-04;C-06;55966.63
18/09/2021;S-11;C-02;46031.78
19/09/2021;S-03;C-04;17428.52
19/09/2021;S-07;C-05;51955.69
19/09/2021;S-08;C-06;52717
19/09/2021;S-11;C-03;24162.04
19/09/2021;S-12;C-04;18118.65
20/09/2021;S-10;C-03;14842.75
20/09/2021;S-10;C-07;34757.57
20/09/2021;S-15;C-04;31276.57
21/09/2021;S-05;C-04;49965.74
21/09/2021;S-08;C-03;10387.07
21/09/2021;S-08;C-06;38424.97
21/09/2021;S-10;C-06;46590.15
21/09/2021;S-11;C-02;13886.13
21/09/2021;S-13;C-03;29900.85
22/09/2021;S-13;C-02;52780.48
23/09/2021;S-10;C-04;55307.99
23/09/2021;S-15;C-05;29682.16
24/09/2021;S-05;C-05;24065.26
24/09/2021;S-06;C-04;16728.52
25/09/2021;S-08;C-03;38535.75
25/09/2021;S-10;C-02;25786.49
25/09/2021;S-11;C-01;53371.28
26/09/2021;S-07;C-04;10200.29
26/09/2021;S-07;C-06;28405.56
26/09/2021;S-10;C-03;25546.32
26/09/2021;S-10;C-06;20990.73
26/09/2021;S-15;C-05;46487.12
27/09/2021;S-04;C-02;12249.67
27/09/2021;S-08;C-03;20502.43
28/09/2021;S-07;C-07;13746.63
28/09/2021;S-09;C-06;56706.5
28/09/2021;S-10;C-03;22778.75
28/09/2021;S-15;C-06;47090.42
29/09/2021;S-05;C-07;56198.78
30/09/2021;S-01;C-04;39583.35
30/09/2021;S-09;C-03;52119.61
30/09/2021;S-10;C-01;16501.73
30/09/2021;S-11;C-05;17517.54
1/10/2021;S-07;C-01;42312.1
2/10/2021;S-02;C-01;25877.92
2/10/2021;S-03;C-06;56352.25
2/10/2021;S-09;C-03;22418.69
2/10/2021;S-15;C-06;57396.8
3/10/2021;S-05;C-07;30782.28
3/10/2021;S-06;C-06;44188.67
3/10/2021;S-07;C-03;22527.39
3/10/2021;S-10;C-03;22743.72
3/10/2021;S-10;C-04;32261.3
3/10/2021;S-12;C-02;10635.74
3/10/2021;S-13;C-03;52071.27
3/10/2021;S-14;C-05;51332.74
4/10/2021;S-01;C-04;41296.1
4/10/2021;S-02;C-06;31473.15
4/10/2021;S-09;C-05;42184.46
4/10/2021;S-15;C-03;10819.69
5/10/2021;S-01;C-06;19167.45
5/10/2021;S-04;C-02;51664.38
5/10/2021;S-07;C-02;30325.18
5/10/2021;S-11;C-02;30353.19
5/10/2021;S-14;C-01;48571.64
6/10/2021;S-07;C-02;10384.32
7/10/2021;S-01;C-03;56510.24
7/10/2021;S-01;C-04;22297.92
7/10/2021;S-03;C-02;58082.26
7/10/2021;S-03;C-04;39631.46
7/10/2021;S-03;C-06;13956.13
7/10/2021;S-04;C-02;49324.06
7/10/2021;S-06;C-01;24825.6
7/10/2021;S-08;C-01;29473.56
7/10/2021;S-08;C-03;16397.95
7/10/2021;S-09;C-02;17779.91
7/10/2021;S-09;C-04;33936.86
7/10/2021;S-10;C-07;54191.58
7/10/2021;S-11;C-07;39495.9
7/10/2021;S-12;C-05;20318.17
7/10/2021;S-13;C-05;44049.75
7/10/2021;S-13;C-07;59404.8
7/10/2021;S-15;C-06;49765.57
8/10/2021;S-07;C-03;52474.99
8/10/2021;S-11;C-01;20433.22
9/10/2021;S-01;C-06;24383.94
9/10/2021;S-03;C-01;23741.63
9/10/2021;S-07;C-07;40298.62
10/10/2021;S-01;C-01;53588.77
11/10/2021;S-03;C-02;19435.64
11/10/2021;S-04;C-04;44674.05
11/10/2021;S-11;C-02;38458.38
12/10/2021;S-05;C-01;34203.57
13/10/2021;S-01;C-01;22826.34
13/10/2021;S-03;C-01;20354.59
13/10/2021;S-05;C-01;32439.44
13/10/2021;S-05;C-03;53723.97
13/10/2021;S-05;C-07;48100.53
13/10/2021;S-11;C-06;24785.54
13/10/2021;S-13;C-06;44318.14
13/10/2021;S-14;C-03;11467.22
13/10/2021;S-15;C-06;18404.55
14/10/2021;S-02;C-02;56974.58
14/10/2021;S-07;C-03;12689.76
14/10/2021;S-11;C-01;30040.51
14/10/2021;S-11;C-02;20159.49
14/10/2021;S-13;C-06;13319.81
14/10/2021;S-14;C-03;52781.11
15/10/2021;S-05;C-07;11031.62
15/10/2021;S-11;C-03;50643.96
15/10/2021;S-13;C-07;50395.79
16/10/2021;S-01;C-07;44682.91
16/10/2021;S-03;C-07;36072.67
16/10/2021;S-04;C-02;15972.25
16/10/2021;S-07;C-03;53757.08
16/10/2021;S-08;C-07;17598.59
17/10/2021;S-01;C-06;30099.09
17/10/2021;S-03;C-07;25552.61
17/10/2021;S-11;C-04;34402.88
17/10/2021;S-12;C-06;46785.68
17/10/2021;S-14;C-01;21514.67
18/10/2021;S-01;C-05;57945.47
18/10/2021;S-04;C-07;58319.37
18/10/2021;S-14;C-04;54668.87
19/10/2021;S-01;C-01;58002.17
19/10/2021;S-02;C-04;45267.95
19/10/2021;S-02;C-05;13931.24
19/10/2021;S-04;C-02;31279.51
19/10/2021;S-04;C-07;53042.83
19/10/2021;S-11;C-02;14825.77
19/10/2021;S-11;C-04;52106.68
19/10/2021;S-11;C-07;18906.46
